<?xml version="1.0" encoding="UTF-8" standalone="no"?>
<stringresources>
<languages>
<language>en</language>
<language>fr</language>
<language>de</language>
<language>es</language>
<language>it</language>
<language>br</language>
</languages>
<strings>
<string id="1">
<en>en</en>
<fr>fr</fr>
<de>de</de>
<es>es</es>
<it>it</it>
<br>br</br>
</string>
    <string id="LEVEL">
        <en>Level</en>
        <fr>Niveau</fr>
        <de>Stufe</de>
        <es>Nivel</es>
        <pt>nível</pt>
        <it>Livello</it>
    </string>
    <string id="SCORE">
        <en>score</en>
        <de>punktzahl</de>
        <fr>score</fr>
        <pt>ponto</pt>
        <es>puntuación</es>
        <it>score</it>
    </string>
    <string id="BEST">
        <en>Your best:</en>
        <de>Deine Bestleistung:</de>
        <fr>Votre meilleur score:</fr>
        <pt>O teu melhor:</pt>
        <es>Tu mejor puntuación:</es>
        <it>Record:</it>
    </string>
    <string id="INSTRUCTIONS_TEXT">
        <en>Swap and match the\nfish to form a chain\nof 3 or more of the\nsame color.  You will\nbe rewarded with\nexplosive power-ups\nif you match 4 or\nmore.\n\nControls:\n To select, tap the\ndesired jewel fish\nand swipe into the\ndirection you want\nto move it. Tap other\nonscreen icons for\ncorresponding action\n(play, pause, hint...).</en>
        <de>Verschiebe die Fische,\num eine Kette aus 3\noder mehr\ngleichfarbigen\nExemplaren zu bilden.\nWenn du 4 oder mehr\nzusammenführst,\nerhältst du als\nBelohnung explosive\nPower-Ups.\n\nSteuerung:\nTippe einen Juwelenfisch\nan, um ihn auszuwählen,\nund wische mit dem\nFinger in die Richtung,\nin die du ihn bewegen\nmöchtest. Tippe die\nanderen Symbole auf\ndem Bildschirm für die\nentsprechende Aktion an\n(Spielen, Pause, Tipp …).</de>
        <fr>Permutez et associez les\npoissons pour former\nune chaîne de 3 ou plus\nde même couleur. Vous\nrecevrez des bonus\nexplosifs si vous en\nassociez 4 ou plus.\n\nCommandes:\nPour sélectionner,\ntouchez le poisson désiré\net faites glisser votre\ndoigt vers là où vous\nvoulez le déplacer.\nTouchez d'autres icônes\nà l'écran pour réaliser\nl'action correspondante\n(jouer, pause, indice...).</fr>
        <pt>Permute e corresponda o\npeixe para formar uma\ncadeia de 3 ou mais da\nmesma cor.  Você será\nrecompensado com\npower-ups explosivos se\ncorresponder 4 ou mais.\n\nControles:\nPara selecionar, toque o\npeixe joia desejado e\narraste para a direção\nque você deseja movê-lo.\nToque nos outros ícones\nna tela para a ação\ncorrespondente\n(reproduzir, pausar,\ndica...).</pt>
        <es>Intercambia y combina\nlos peces para formar\nuna cadena de 3 o más\ndel mismo color. Si\nconsigues combinar 4 o\nmás, obtendrás un\npotenciador explosivo.\n\nControles:\nPara seleccionar, toca el\npez joya que desees y\ndeslízalo hacia la\ndirección en la que\nquieras desplazarlo.\nToca los iconos en\npantalla para realizar la\nacción correspondiente\n(jugar, pausa, pista,\netc.).</es>
        <it>Scambia e abbina i pesci\nper formare una catena\ndi almeno 3 pesci dello\nstesso colore. Sarai\nricompensato con\npotenziamenti esplosivi\nse ne abbini 4 o più.\n\nComandi:\nPer selezionare, tocca il\npesce gemma desiderato\ne scorri nella direzione\nin cui vuoi spostarlo.\nTocca le altre icone sullo\nschermo per eseguire\nl'azione corrispondente\n(gioca, pausa, indizio...).</it>
    </string>
    <string id="GOAL">
        <en>goal:</en>
        <de>ziel:</de>
        <fr>but:</fr>
        <pt>objetivo:</pt>
        <es>objetivo:</es>
        <it>scopo:</it>
    </string>
    <string id="GET">
        <en>Get:\n</en>
        <de>Sammle:\n</de>
        <fr>Marquez:\n</fr>
        <pt>Obter:\n</pt>
        <es>Conseguir:\n</es>
        <it>Ottieni:\n</it>
    </string>
    <string id="BRING">
        <en>Bring</en>
        <de>Bringe</de>
        <fr>Faites descendre</fr>
        <pt>Traga</pt>
        <es>Haz descender</es>
        <it>Porta giù</it>
    </string>
    <string id="CATCH">
        <en>Catch</en>
        <de>Fange</de>
        <fr>Capturez</fr>
        <pt>Agarre</pt>
        <es>Recoge</es>
        <it>Prendi</it>
    </string>
    <string id="POINTS">
        <en>points</en>
        <de>punkte</de>
        <fr>points</fr>
        <pt>pontos</pt>
        <es>puntos</es>
        <it>punti</it>
    </string>
    <string id="GOAL_BLOCK">
        <en>Break\nall the blocks</en>
        <de>Zerstöre\nalle blöcke</de>
        <fr>Cassez\ntous les blocs</fr>
        <pt>Quebra\ntodos os blocos</pt>
        <es>Romper\ntodos los bloques</es>
        <it>Rompi\ntutti i blocchi</it>
    </string>
    <string id="PEARLS">
        <en>\npearls down</en>
        <de>\nPerlen nach unten</de>
        <fr>\nperles</fr>
        <pt>\npérolas para baixo</pt>
        <es>\nperlas</es>
        <it>\nperle</it>
    </string>
    <string id="ESC">
        <en>\nfloating flasks</en>
        <de>\nschwimmende Flaschen</de>
        <fr>\nfioles flottantes</fr>
        <pt>\nfrascos flutuantes</pt>
        <es>\nbotellas flotantes</es>
        <it>\nfiaschi fluttuanti</it>
    </string>
    <string id="26">
        <en>Tap to continue</en>
        <fr>Touchez pour continuer</fr>
        <de>Zum Fortfahren berühren</de>
        <es>Toca para continuar</es>
        <pt>Toca para continuar</pt>
        <it>Tocca per continuare</it>
        <br>Toque para continuar</br>
    </string>
    <string id="PAUSE">
        <en>PAUSE</en>
        <fr>Pause</fr>
        <de>PAUSE</de>
        <es>PAUSADO</es>
        <pt>PAUSA</pt>
        <it>PAUSA</it>
        <br>PAUSA</br>
    </string>

</strings>
</stringresources>
