{
"1": {
	"vir": ["0", "0", "0", "0", "0", "0", "0", "0", "0", "0", "0", "0", "0", "0", "0", "0", "0", "0", "0", "0", "0", "0", "0", "0", "0", "0", "0", "0", "0", "0", "0", "0", "0", "0", "0", "0", "0", "0", "0", "0", "0", "0"], 
	"maxCol": "7", 
	"blocksMode": "false", 
	"color": "5", 
	"croissant": "0", 
	"minScore": "6000", 
	"move": "15", 
	"balloonsBonus": ["0", "0", "0", "0", "0", "0", "0", "0", "0", "0", "0", "0", "0", "0", "0", "0", "0", "0", "0", "0", "0", "0", "0", "0", "0", "0", "0", "0", "0", "0", "0", "0", "0", "0", "0", "0", "0", "0", "0", "0", "0", "0"], 
	"maxRow": "6", 
	"midScore": "12000", 
	"escOrFallCount": "0", 
	"block": ["0", "0", "0", "0", "0", "0", "0", "0", "0", "0", "0", "0", "0", "0", "0", "0", "0", "0", "0", "0", "0", "0", "0", "0", "0", "0", "0", "0", "0", "0", "0", "0", "0", "0", "0", "0", "0", "0", "0", "0", "0", "0"], 
	"moveMode": "true", 
	"time": "0", 
	"wrap": "false", 
	"world": ["0", "0", "-12", "-12", "-12", "0", "0", "-12", "-12", "-12", "-12", "-12", "-12", "-12", "-12", "-12", "-12", "-12", "-12", "-12", "-12", "-12", "-12", "-12", "-12", "-12", "-12", "-12", "-12", "-12", "-12", "-12", "-12", "-12", "-12", "0", "0", "-12", "-12", "-12", "0", "0"], 
	"timeMode": "false", 
	"maxScore": "20000", 
	"fallMode": "false", 
	"escapeMode": "false"
}, 

"2": {"vir": ["0", "0", "0", "0", "0", "0", "0", "0", "0", "0", "0", "0", "0", "0", "0", "0", "0", "0", "0", "0", "0", "0", "0", "0", "0", "0", "0", "0", "0", "0", "0", "0", "0", "0", "0", "0", "0", "0", "0", "0", "0", "0", "0", "0", "0", "0", "0", "0", "0"], "maxCol": "7", "blocksMode": "false", "color": "5", "croissant": "0", "minScore": "6000", "move": "15", "balloonsBonus": ["0", "0", "0", "0", "0", "0", "0", "0", "0", "0", "0", "0", "0", "0", "0", "0", "0", "0", "0", "0", "0", "0", "0", "0", "0", "0", "0", "0", "0", "0", "0", "0", "0", "0", "0", "0", "0", "0", "0", "0", "0", "0", "0", "0", "0", "0", "0", "0", "0"], "maxRow": "7", "midScore": "12000", "escOrFallCount": "0", "block": ["0", "0", "0", "0", "0", "0", "0", "0", "0", "0", "0", "0", "0", "0", "0", "0", "0", "0", "0", "0", "0", "0", "0", "0", "0", "0", "0", "0", "0", "0", "0", "0", "0", "0", "0", "0", "0", "0", "0", "0", "0", "0", "0", "0", "0", "0", "0", "0", "0"], "moveMode": "true", "time": "0", "wrap": "true", "world": ["0", "0", "-8", "-8", "-8", "0", "0", "0", "0", "-8", "-8", "-8", "0", "0", "0", "-8", "-8", "-8", "-8", "-8", "0", "0", "-8", "-8", "-8", "-8", "-8", "0", "-8", "-8", "-8", "-12", "-8", "-8", "-8", "-8", "-8", "-8", "-8", "-8", "-8", "-8", "0", "-8", "-8", "-8", "-8", "-8", "0"], "timeMode": "false", "maxScore": "20000", "fallMode": "false", "escapeMode": "false"}, 

"3": {"vir": ["0", "0", "0", "0", "0", "0", "0", "0", "0", "0", "0", "0", "0", "0", "0", "0", "0", "0", "0", "0", "0", "0", "0", "0", "0", "0", "0", "0", "0", "0", "0", "0", "0", "0", "0", "0"], "maxCol": "6", "blocksMode": "true", "color": "5", "croissant": "0", "minScore": "25000", "move": "20", "balloonsBonus": ["0", "0", "0", "0", "0", "0", "0", "0", "0", "0", "0", "0", "0", "0", "0", "0", "0", "0", "0", "0", "0", "0", "0", "0", "0", "0", "0", "0", "0", "0", "0", "0", "0", "0", "0", "0"], "maxRow": "6", "midScore": "55000", "escOrFallCount": "0", "block": ["0", "0", "2", "2", "0", "0", "0", "0", "2", "2", "0", "0", "2", "2", "2", "2", "2", "2", "2", "2", "2", "2", "2", "2", "0", "0", "2", "2", "0", "0", "0", "0", "2", "2", "0", "0"], "moveMode": "true", "time": "0", "wrap": "true", "world": ["0", "-8", "-8", "-8", "-8", "0", "-8", "-8", "-8", "-8", "-8", "-8", "-8", "-8", "-8", "-8", "-8", "-8", "-8", "-8", "-8", "-8", "-8", "-8", "-8", "-8", "-8", "-8", "-8", "-8", "0", "-8", "-8", "-8", "-8", "0"], "timeMode": "false", "maxScore": "60000", "fallMode": "false", "escapeMode": "false"}, "4": {"vir": ["0", "0", "0", "0", "0", "0", "0", "0", "0", "0", "0", "0", "0", "0", "0", "0", "0", "0", "0", "0", "0", "0", "0", "0", "0", "0", "0", "0", "0", "0", "0", "0", "0", "0", "0", "0", "0", "0", "0", "0", "0", "0", "0", "0", "0", "0", "0", "0", "0", "0", "0", "0", "0", "0", "0", "0", "0", "0", "0", "0", "0", "0", "0", "0"], "maxCol": "8", "blocksMode": "true", "color": "5", "croissant": "0", "minScore": "30000", "move": "20", "balloonsBonus": ["0", "0", "0", "0", "0", "0", "0", "0", "0", "0", "0", "0", "0", "0", "0", "0", "0", "0", "0", "0", "0", "0", "0", "0", "0", "0", "0", "0", "0", "0", "0", "0", "0", "0", "0", "0", "0", "0", "0", "0", "0", "0", "0", "0", "0", "0", "0", "0", "0", "0", "0", "0", "0", "0", "0", "0", "0", "0", "0", "0", "0", "0", "0", "0"], "maxRow": "8", "midScore": "60000", "escOrFallCount": "0", "block": ["0", "0", "0", "0", "0", "0", "0", "0", "0", "0", "0", "0", "0", "0", "0", "0", "2", "2", "2", "2", "2", "2", "2", "2", "2", "2", "2", "0", "0", "2", "2", "2", "2", "2", "2", "0", "0", "2", "2", "2", "2", "2", "2", "2", "2", "2", "2", "2", "0", "0", "0", "0", "0", "0", "0", "0", "0", "0", "0", "0", "0", "0", "0", "0"], "moveMode": "true", "time": "0", "wrap": "true", "world": ["-12", "-12", "-12", "-12", "-12", "-12", "-12", "-12", "0", "-12", "-12", "-12", "-12", "-12", "-12", "0", "-12", "-12", "-12", "-12", "-12", "-12", "-12", "-12", "-12", "-12", "-12", "0", "0", "-12", "-12", "-12", "-12", "-12", "-12", "0", "0", "-12", "-12", "-12", "-12", "-12", "-12", "-12", "-12", "-12", "-12", "-12", "0", "-12", "-12", "-12", "-12", "-12", "-12", "0", "-12", "-12", "-12", "-12", "-12", "-12", "-12", "-12"], "timeMode": "false", "maxScore": "70000", "fallMode": "false", "escapeMode": "false"}, "5": {"vir": ["0", "0", "0", "0", "0", "0", "0", "0", "0", "0", "0", "0", "0", "0", "0", "0", "0", "0", "0", "0", "0", "0", "0", "0", "0", "0", "0", "0", "0", "0", "0", "0", "0", "0", "0", "0", "0", "0", "0", "0", "0", "0", "0", "0", "0", "0", "0", "0", "0"], "maxCol": "7", "blocksMode": "false", "color": "6", "croissant": "0", "minScore": "10000", "move": "0", "balloonsBonus": ["0", "0", "0", "0", "0", "0", "0", "0", "0", "0", "0", "0", "0", "0", "0", "0", "0", "0", "0", "0", "0", "0", "0", "0", "0", "0", "0", "0", "0", "0", "0", "0", "0", "0", "0", "0", "0", "0", "0", "0", "0", "0", "0", "0", "0", "0", "0", "0", "0"], "maxRow": "7", "midScore": "13000", "escOrFallCount": "0", "block": ["0", "0", "0", "0", "0", "0", "0", "0", "0", "0", "0", "0", "0", "0", "0", "0", "0", "0", "0", "0", "0", "0", "0", "0", "0", "0", "0", "0", "0", "0", "0", "0", "0", "0", "0", "0", "0", "0", "0", "0", "0", "0", "0", "0", "0", "0", "0", "0", "0"], "moveMode": "false", "time": "60", "wrap": "true", "world": ["0", "-12", "-12", "0", "-12", "-12", "0", "-12", "-12", "-12", "-12", "-12", "-12", "-12", "-12", "-12", "-12", "-12", "-12", "-12", "-12", "0", "-12", "-12", "-12", "-12", "-12", "0", "-12", "-12", "-12", "-12", "-12", "-12", "-12", "-12", "-12", "-12", "-12", "-12", "-12", "-12", "0", "-12", "-12", "0", "-12", "-12", "0"], "timeMode": "true", "maxScore": "15000", "fallMode": "false", "escapeMode": "false"}, "6": {"vir": ["0", "0", "0", "0", "0", "0", "0", "0", "0", "0", "0", "0", "0", "0", "0", "0", "0", "0", "0", "0", "0", "0", "0", "0", "0", "0", "0", "0", "0", "0", "0", "0", "0", "0", "0", "0", "0", "0", "0", "0", "0", "0", "0", "0", "0", "0", "0", "0", "0", "0", "0", "0", "0", "0", "0", "0"], "maxCol": "7", "blocksMode": "false", "color": "6", "croissant": "0", "minScore": "10000", "move": "20", "balloonsBonus": ["0", "0", "0", "0", "0", "0", "0", "0", "0", "0", "0", "0", "0", "0", "0", "0", "0", "0", "0", "0", "0", "0", "0", "0", "0", "0", "0", "0", "0", "0", "0", "0", "0", "0", "0", "0", "0", "0", "0", "0", "0", "0", "0", "0", "0", "0", "0", "0", "0", "0", "0", "0", "0", "0", "0", "0"], "maxRow": "8", "midScore": "13000", "escOrFallCount": "0", "block": ["0", "0", "0", "0", "0", "0", "0", "0", "0", "0", "0", "0", "0", "0", "0", "0", "0", "0", "0", "0", "0", "0", "0", "0", "0", "0", "0", "0", "0", "0", "0", "0", "0", "0", "0", "0", "0", "0", "0", "0", "0", "0", "0", "0", "0", "0", "0", "0", "0", "0", "0", "0", "0", "0", "0", "0"], "moveMode": "true", "time": "0", "wrap": "true", "world": ["0", "-8", "0", "-8", "0", "-8", "0", "-8", "0", "-8", "0", "-8", "0", "-8", "0", "-8", "0", "-8", "0", "-8", "0", "-8", "-8", "-8", "-8", "-8", "-8", "-8", "-8", "-8", "-8", "-8", "-8", "-8", "-8", "-8", "-8", "-8", "-8", "-8", "-8", "-8", "-8", "-8", "-8", "-8", "-8", "-8", "-8", "0", "-8", "-8", "-8", "-8", "-8", "0"], "timeMode": "false", "maxScore": "15000", "fallMode": "false", "escapeMode": "false"}, "7": {"vir": ["0", "0", "0", "0", "0", "0", "0", "0", "0", "0", "0", "0", "0", "0", "0", "0", "0", "0", "0", "0", "0", "0", "0", "0", "0", "0", "0", "0", "0", "0", "0", "0", "0", "0", "0", "0", "0", "0", "0", "0", "0", "0", "0", "0", "0", "0", "0", "0", "0", "0", "0", "0", "0", "0", "0", "0"], "maxCol": "7", "blocksMode": "true", "color": "5", "croissant": "0", "minScore": "25000", "move": "20", "balloonsBonus": ["0", "0", "0", "0", "0", "0", "0", "0", "0", "0", "0", "0", "0", "0", "0", "0", "0", "0", "0", "0", "0", "0", "0", "0", "0", "0", "0", "0", "0", "0", "0", "0", "0", "0", "0", "0", "0", "0", "0", "0", "0", "0", "0", "0", "0", "0", "0", "0", "0", "0", "0", "0", "0", "0", "0", "0"], "maxRow": "8", "midScore": "50000", "escOrFallCount": "0", "block": ["0", "0", "0", "0", "0", "0", "0", "0", "2", "0", "2", "0", "2", "0", "0", "2", "0", "2", "0", "2", "0", "0", "2", "0", "2", "0", "2", "0", "0", "2", "0", "2", "0", "2", "0", "0", "2", "0", "2", "0", "2", "0", "0", "2", "0", "2", "0", "2", "0", "0", "2", "0", "2", "0", "2", "0"], "moveMode": "true", "time": "0", "wrap": "true", "world": ["-8", "0", "-8", "0", "-8", "0", "-8", "-8", "-8", "-8", "-8", "-8", "-8", "-8", "-8", "-8", "-8", "-8", "-8", "-8", "-8", "-8", "-8", "-8", "-8", "-8", "-8", "-8", "-8", "-8", "-8", "-8", "-8", "-8", "-8", "-8", "-8", "-8", "-8", "-8", "-8", "-8", "-8", "-8", "-8", "-8", "-8", "-8", "-8", "-8", "-8", "-8", "-8", "-8", "-8", "-8"], "timeMode": "false", "maxScore": "75000", "fallMode": "false", "escapeMode": "false"}, "8": {"vir": ["0", "0", "0", "0", "0", "0", "0", "0", "0", "0", "0", "0", "0", "0", "0", "0", "0", "0", "0", "0", "0", "0", "0", "0", "0", "0", "0", "0", "0", "0", "0", "0", "0", "0", "0", "0", "0", "0", "0", "0", "0", "0", "0", "0", "0", "0", "0", "0", "0", "0", "0", "0", "0", "0", "0", "0", "0", "0", "0", "0", "0", "0", "0", "0"], "maxCol": "8", "blocksMode": "true", "color": "6", "croissant": "0", "minScore": "25000", "move": "20", "balloonsBonus": ["0", "0", "0", "0", "0", "0", "0", "0", "0", "0", "0", "0", "0", "0", "0", "0", "0", "0", "0", "0", "0", "0", "0", "0", "0", "0", "0", "0", "0", "0", "0", "0", "0", "0", "0", "0", "0", "0", "0", "0", "0", "0", "0", "0", "0", "0", "0", "0", "0", "0", "0", "0", "0", "0", "0", "0", "0", "0", "0", "0", "0", "0", "0", "0"], "maxRow": "8", "midScore": "35000", "escOrFallCount": "0", "block": ["0", "0", "0", "0", "0", "0", "0", "0", "0", "2", "0", "0", "0", "0", "2", "0", "0", "0", "2", "3", "3", "2", "0", "0", "0", "0", "3", "0", "0", "3", "0", "0", "0", "0", "3", "0", "0", "3", "0", "0", "0", "0", "2", "3", "3", "2", "0", "0", "0", "2", "0", "0", "0", "0", "2", "0", "0", "0", "0", "0", "0", "0", "0", "0"], "moveMode": "true", "time": "0", "wrap": "true", "world": ["0", "-12", "-12", "0", "0", "-12", "-12", "0", "-8", "-12", "-12", "-12", "-12", "-12", "-12", "-12", "-12", "-12", "-12", "-12", "-12", "-12", "-12", "-12", "0", "-12", "-12", "-12", "-12", "-12", "-12", "0", "0", "-12", "-12", "-12", "-12", "-12", "-12", "0", "-12", "-12", "-12", "-12", "-12", "-12", "-12", "-12", "-12", "-12", "-12", "-12", "-12", "-12", "-12", "-12", "0", "-12", "-12", "0", "0", "-12", "-12", "0"], "timeMode": "false", "maxScore": "45000", "fallMode": "false", "escapeMode": "false"}, "9": {"vir": ["0", "0", "0", "0", "0", "0", "0", "0", "0", "0", "0", "0", "0", "0", "0", "0", "0", "0", "0", "0", "0", "0", "0", "0", "0", "0", "0", "0", "0", "0", "0", "0", "0", "0", "0", "0", "0", "0", "0", "0", "0", "0", "0", "0", "0", "0", "0", "0", "0", "0", "0", "0", "0", "0", "0", "0", "0", "0", "0", "0", "0", "0", "0", "0"], "maxCol": "8", "blocksMode": "true", "color": "5", "croissant": "0", "minScore": "25000", "move": "20", "balloonsBonus": ["0", "0", "0", "0", "0", "0", "0", "0", "0", "0", "0", "0", "0", "0", "0", "0", "0", "0", "0", "0", "0", "0", "0", "0", "0", "0", "0", "0", "0", "0", "0", "0", "0", "0", "0", "0", "0", "0", "0", "0", "0", "0", "0", "0", "0", "0", "0", "0", "0", "0", "0", "0", "0", "0", "0", "0", "0", "0", "0", "0", "0", "0", "0", "0"], "maxRow": "8", "midScore": "50000", "escOrFallCount": "0", "block": ["0", "0", "0", "0", "0", "0", "0", "0", "0", "0", "0", "0", "0", "0", "0", "0", "3", "3", "3", "3", "0", "0", "0", "0", "3", "3", "3", "3", "3", "3", "0", "0", "0", "0", "3", "3", "3", "3", "3", "3", "0", "0", "0", "0", "3", "3", "3", "3", "0", "0", "0", "0", "0", "0", "0", "0", "0", "0", "0", "0", "0", "0", "0", "0"], "moveMode": "true", "time": "0", "wrap": "false", "world": ["-8", "-8", "-8", "-8", "0", "0", "0", "0", "-8", "-8", "-8", "-8", "-8", "-8", "0", "0", "-8", "-8", "-8", "-8", "-8", "-8", "-8", "-8", "-8", "-8", "-8", "-8", "-8", "-8", "-8", "-8", "-8", "-8", "-8", "-8", "-8", "-8", "-8", "-8", "-8", "-8", "-8", "-8", "-8", "-8", "-8", "-8", "0", "0", "-8", "-8", "-8", "-8", "-8", "-8", "0", "0", "0", "0", "-8", "-8", "-8", "-8"], "timeMode": "false", "maxScore": "80000", "fallMode": "false", "escapeMode": "false"}, "10": {"vir": ["0", "0", "0", "0", "0", "0", "0", "0", "0", "0", "0", "0", "0", "0", "0", "0", "0", "0", "0", "0", "0", "0", "0", "0", "0", "0", "0", "0", "0", "0", "0", "0", "0", "0", "0", "0", "0", "0", "0", "0", "0", "0", "0", "0", "0", "0", "0", "0", "0", "0", "0", "0", "0", "0", "0", "0", "0", "0", "0", "0", "0", "0", "0", "0"], "maxCol": "8", "blocksMode": "false", "color": "5", "croissant": "0", "minScore": "10000", "move": "0", "balloonsBonus": ["0", "0", "0", "0", "0", "0", "0", "0", "0", "0", "0", "0", "0", "0", "0", "0", "0", "0", "0", "0", "0", "0", "0", "0", "0", "0", "0", "0", "0", "0", "0", "0", "0", "0", "0", "0", "0", "0", "0", "0", "0", "0", "0", "0", "0", "0", "0", "0", "0", "0", "0", "0", "0", "0", "0", "0", "0", "0", "0", "0", "0", "0", "0", "0"], "maxRow": "8", "midScore": "15000", "escOrFallCount": "0", "block": ["0", "0", "0", "0", "0", "0", "0", "0", "0", "0", "0", "0", "0", "0", "0", "0", "0", "0", "0", "0", "0", "0", "0", "0", "0", "0", "0", "0", "0", "0", "0", "0", "0", "0", "0", "0", "0", "0", "0", "0", "0", "0", "0", "0", "0", "0", "0", "0", "0", "0", "0", "0", "0", "0", "0", "0", "0", "0", "0", "0", "0", "0", "0", "0"], "moveMode": "false", "time": "60", "wrap": "true", "world": ["-12", "-12", "-12", "0", "0", "-12", "-12", "-12", "-12", "-12", "-8", "-8", "-8", "-8", "-12", "-12", "-12", "-8", "-8", "-8", "-8", "-8", "-8", "-12", "-8", "-8", "-8", "0", "0", "-8", "-8", "-8", "-8", "-8", "-8", "0", "0", "-8", "-8", "-8", "-12", "-8", "-8", "-8", "-8", "-8", "-12", "-12", "-12", "-12", "-8", "-8", "-8", "-8", "-12", "-12", "-12", "-12", "-12", "0", "0", "-12", "-12", "-12"], "timeMode": "true", "maxScore": "20000", "fallMode": "false", "escapeMode": "false"}, "11": {"vir": ["0", "0", "0", "0", "0", "0", "0", "0", "0", "0", "0", "0", "0", "0", "0", "0", "0", "0", "0", "0", "0", "0", "0", "0", "0", "0", "0", "0", "0", "0", "0", "0", "0", "0", "0", "0", "0", "0", "0", "0", "0", "0", "0", "0", "0", "0", "0", "0", "0"], "maxCol": "7", "blocksMode": "false", "color": "4", "croissant": "0", "minScore": "12000", "move": "15", "balloonsBonus": ["0", "0", "0", "0", "0", "0", "0", "0", "0", "0", "0", "0", "0", "0", "0", "0", "0", "0", "0", "0", "0", "0", "0", "0", "0", "0", "0", "0", "0", "0", "0", "0", "0", "0", "0", "0", "0", "0", "0", "0", "0", "0", "0", "0", "0", "0", "0", "0", "0"], "maxRow": "7", "midScore": "17000", "escOrFallCount": "0", "block": ["0", "0", "0", "0", "0", "0", "0", "0", "0", "0", "0", "0", "0", "0", "0", "0", "0", "0", "0", "0", "0", "0", "0", "0", "0", "0", "0", "0", "0", "0", "0", "0", "0", "0", "0", "0", "0", "0", "0", "0", "0", "0", "0", "0", "0", "0", "0", "0", "0"], "moveMode": "true", "time": "0", "wrap": "true", "world": ["-12", "-12", "-8", "-8", "-12", "-12", "-12", "0", "-8", "-8", "-8", "-8", "-8", "0", "0", "0", "-8", "-8", "-8", "0", "0", "0", "0", "0", "-8", "0", "0", "0", "0", "0", "-8", "-8", "-8", "0", "0", "0", "-8", "-8", "-8", "-8", "-8", "0", "-12", "-12", "-8", "-8", "-8", "-12", "-12"], "timeMode": "false", "maxScore": "20000", "fallMode": "false", "escapeMode": "false"}, "12": {"vir": ["0", "0", "0", "0", "0", "0", "0", "0", "0", "0", "0", "0", "0", "0", "0", "0", "0", "0", "0", "0", "0", "0", "0", "0", "0", "0", "0", "0", "0", "0", "0", "0", "0", "0", "0", "0", "0", "0", "0", "0", "0", "0", "0", "0", "0", "0", "0", "0", "0"], "maxCol": "7", "blocksMode": "false", "color": "5", "croissant": "3", "minScore": "30000", "move": "20", "balloonsBonus": ["0", "60", "0", "60", "0", "60", "0", "0", "0", "0", "0", "0", "0", "0", "0", "0", "0", "0", "0", "0", "0", "0", "0", "0", "0", "0", "0", "0", "0", "0", "0", "0", "0", "0", "0", "0", "0", "0", "0", "0", "0", "0", "0", "0", "0", "0", "0", "0", "0"], "maxRow": "7", "midScore": "50000", "escOrFallCount": "0", "block": ["0", "0", "0", "0", "0", "0", "0", "0", "0", "0", "0", "0", "0", "0", "0", "0", "0", "0", "0", "0", "0", "0", "0", "0", "0", "0", "0", "0", "0", "0", "0", "0", "0", "0", "0", "0", "0", "0", "0", "0", "0", "0", "0", "0", "0", "0", "0", "0", "0"], "moveMode": "true", "time": "0", "wrap": "true", "world": ["0", "-12", "0", "-12", "0", "-12", "0", "-12", "-12", "-12", "-12", "-12", "-12", "-12", "-12", "-12", "-12", "-12", "-12", "-12", "-12", "-12", "-12", "-12", "-12", "-12", "-12", "-12", "-12", "-12", "-12", "-12", "-12", "-12", "-12", "-12", "-12", "-12", "-12", "-12", "-12", "-12", "-12", "-12", "-12", "-12", "-12", "-12", "-12"], "timeMode": "false", "maxScore": "70000", "fallMode": "true", "escapeMode": "false"}, "13": {"vir": ["0", "0", "0", "0", "0", "0", "0", "0", "0", "0", "0", "0", "0", "0", "0", "0", "0", "0", "0", "0", "0", "0", "0", "0", "0", "0", "0", "0", "0", "0", "0", "0", "0", "0", "0", "0", "0", "0", "0", "0"], "maxCol": "8", "blocksMode": "false", "color": "4", "croissant": "4", "minScore": "30000", "move": "21", "balloonsBonus": ["0", "0", "0", "0", "0", "0", "0", "0", "0", "0", "0", "0", "0", "0", "0", "0", "0", "0", "0", "0", "0", "0", "0", "0", "0", "0", "0", "0", "0", "0", "0", "0", "0", "0", "0", "0", "0", "0", "0", "0"], "maxRow": "5", "midScore": "50000", "escOrFallCount": "0", "block": ["0", "0", "0", "0", "0", "0", "0", "0", "0", "0", "0", "0", "0", "0", "0", "0", "0", "0", "0", "0", "0", "0", "0", "0", "0", "0", "0", "0", "0", "0", "0", "0", "0", "0", "0", "0", "0", "0", "0", "0"], "moveMode": "true", "time": "0", "wrap": "true", "world": ["-12", "0", "0", "0", "0", "0", "0", "-12", "-12", "-12", "0", "0", "0", "0", "-12", "-12", "-12", "-8", "-8", "0", "0", "-8", "-8", "-12", "-8", "-8", "-8", "-8", "-8", "-8", "-8", "-8", "-8", "-8", "-8", "-8", "-8", "-8", "-8", "-8"], "timeMode": "false", "maxScore": "60000", "fallMode": "true", "escapeMode": "false"}, "14": {"vir": ["0", "0", "0", "0", "0", "0", "0", "0", "0", "0", "0", "0", "0", "0", "0", "0", "0", "0", "0", "0", "0", "0", "0", "0", "0", "0", "0", "0", "0", "0", "0", "0", "0", "0", "0", "0", "0", "0", "0", "0", "0", "0"], "maxCol": "7", "blocksMode": "true", "color": "6", "croissant": "0", "minScore": "20000", "move": "20", "balloonsBonus": ["0", "0", "0", "0", "0", "0", "0", "0", "0", "0", "0", "0", "0", "0", "0", "0", "0", "0", "0", "0", "0", "0", "0", "0", "0", "0", "0", "0", "0", "0", "0", "0", "0", "0", "0", "0", "0", "0", "0", "0", "0", "0"], "maxRow": "6", "midScore": "40000", "escOrFallCount": "0", "block": ["0", "0", "0", "0", "0", "0", "0", "0", "2", "2", "2", "2", "2", "0", "0", "2", "2", "0", "2", "2", "0", "0", "2", "2", "0", "2", "2", "0", "0", "2", "2", "2", "2", "2", "0", "0", "0", "0", "0", "0", "0", "0"], "moveMode": "true", "time": "0", "wrap": "true", "world": ["-8", "-8", "-8", "-8", "-8", "-8", "-8", "-8", "-8", "-8", "-8", "-8", "-8", "-8", "-8", "-8", "-8", "0", "-8", "-8", "-8", "-8", "-8", "-8", "0", "-8", "-8", "-8", "-8", "-8", "-8", "-8", "-8", "-8", "-8", "-8", "-8", "-8", "-8", "-8", "-8", "-8"], "timeMode": "false", "maxScore": "60000", "fallMode": "false", "escapeMode": "false"}, "15": {"vir": ["0", "0", "0", "0", "0", "0", "0", "0", "0", "0", "0", "0", "0", "0", "0", "0", "0", "0", "0", "0", "0", "0", "0", "0", "0", "0", "0", "0", "0", "0", "0", "0", "0", "0", "0", "0", "0", "0", "0", "0", "0", "0"], "maxCol": "6", "blocksMode": "true", "color": "5", "croissant": "0", "minScore": "20000", "move": "20", "balloonsBonus": ["0", "0", "0", "0", "0", "0", "0", "0", "0", "0", "0", "0", "0", "0", "0", "0", "0", "0", "0", "0", "0", "0", "0", "0", "0", "0", "0", "0", "0", "0", "0", "0", "0", "0", "0", "0", "0", "0", "0", "0", "0", "0"], "maxRow": "7", "midScore": "50000", "escOrFallCount": "0", "block": ["0", "0", "0", "0", "0", "0", "0", "2", "2", "2", "2", "0", "0", "3", "3", "3", "3", "0", "0", "0", "0", "0", "0", "0", "0", "3", "3", "3", "3", "0", "0", "2", "2", "2", "2", "0", "0", "0", "0", "0", "0", "0"], "moveMode": "true", "time": "0", "wrap": "false", "world": ["0", "-12", "-12", "-12", "-12", "0", "-12", "-12", "-12", "-12", "-12", "-12", "-12", "-12", "-12", "-12", "-12", "-12", "-12", "0", "0", "0", "0", "-12", "-12", "-12", "-12", "-12", "-12", "-12", "-12", "-12", "-12", "-12", "-12", "-12", "0", "-12", "-12", "-12", "-12", "0"], "timeMode": "false", "maxScore": "70000", "fallMode": "false", "escapeMode": "false"}, "16": {"vir": ["0", "0", "0", "0", "0", "0", "0", "0", "0", "0", "0", "0", "0", "0", "0", "0", "0", "0", "0", "0", "0", "0", "0", "0", "0", "0", "0", "0", "0", "0", "0", "0", "0", "0", "0", "0", "0", "0", "0", "0", "0", "0", "0", "0", "0", "0", "0", "0", "0", "0", "0", "0", "0", "0", "0", "0", "0", "0", "0", "0", "0", "0", "0", "0"], "maxCol": "8", "blocksMode": "false", "color": "5", "croissant": "0", "minScore": "10000", "move": "0", "balloonsBonus": ["0", "0", "0", "0", "0", "0", "0", "0", "0", "0", "0", "0", "0", "0", "0", "0", "0", "0", "0", "0", "0", "0", "0", "0", "0", "0", "0", "0", "0", "0", "0", "0", "0", "0", "0", "0", "0", "0", "0", "0", "0", "0", "0", "0", "0", "0", "0", "0", "0", "0", "0", "0", "0", "0", "0", "0", "0", "0", "0", "0", "0", "0", "0", "0"], "maxRow": "8", "midScore": "15000", "escOrFallCount": "0", "block": ["0", "0", "0", "0", "0", "0", "0", "0", "0", "0", "0", "0", "0", "0", "0", "0", "0", "0", "0", "0", "0", "0", "0", "0", "0", "0", "0", "0", "0", "0", "0", "0", "0", "0", "0", "0", "0", "0", "0", "0", "0", "0", "0", "0", "0", "0", "0", "0", "0", "0", "0", "0", "0", "0", "0", "0", "0", "0", "0", "0", "0", "0", "0", "0"], "moveMode": "false", "time": "60", "wrap": "true", "world": ["0", "0", "-8", "-8", "-8", "-8", "0", "0", "0", "-8", "-8", "-8", "-8", "-8", "-8", "0", "-8", "-8", "0", "-8", "-8", "0", "-8", "-8", "-8", "-8", "-8", "-8", "-8", "-8", "-8", "-8", "-8", "-8", "-8", "-8", "-8", "-8", "-8", "-8", "-8", "-8", "0", "-8", "-8", "0", "-8", "-8", "0", "-8", "-8", "-8", "-8", "-8", "-8", "0", "0", "0", "-8", "-8", "-8", "-8", "0", "0"], "timeMode": "true", "maxScore": "20000", "fallMode": "false", "escapeMode": "false"}, "17": {"vir": ["0", "0", "0", "0", "0", "0", "0", "0", "0", "0", "0", "0", "0", "0", "0", "0", "0", "0", "0", "0", "0", "0", "0", "0", "0", "0", "0", "0", "0", "0", "0", "0", "0", "0", "0", "0", "0", "0", "0", "0", "0", "0", "0", "0", "0", "0", "0", "0", "0", "0", "0", "0", "0", "0", "0", "0"], "maxCol": "7", "blocksMode": "false", "color": "5", "croissant": "4", "minScore": "35000", "move": "20", "balloonsBonus": ["60", "0", "60", "0", "60", "0", "60", "0", "0", "0", "0", "0", "0", "0", "0", "0", "0", "0", "0", "0", "0", "0", "0", "0", "0", "0", "0", "0", "0", "0", "0", "0", "0", "0", "0", "0", "0", "0", "0", "0", "0", "0", "0", "0", "0", "0", "0", "0", "0", "0", "0", "0", "0", "0", "0", "0"], "maxRow": "8", "midScore": "90000", "escOrFallCount": "0", "block": ["0", "0", "0", "0", "0", "0", "0", "0", "0", "0", "0", "0", "0", "0", "0", "0", "0", "0", "0", "0", "0", "0", "0", "0", "0", "0", "0", "0", "0", "0", "0", "0", "0", "0", "0", "0", "0", "0", "0", "0", "0", "0", "0", "0", "0", "0", "0", "0", "0", "0", "0", "0", "0", "0", "0", "0"], "moveMode": "true", "time": "0", "wrap": "false", "world": ["-12", "-12", "-12", "-12", "-12", "-12", "-12", "-12", "-12", "-12", "-12", "-12", "-12", "-12", "-12", "-12", "-12", "-12", "-12", "-12", "-12", "-12", "0", "-12", "0", "-12", "0", "-12", "0", "-12", "0", "-12", "0", "-12", "0", "-12", "-12", "-12", "-12", "-12", "-12", "-12", "-12", "-12", "-12", "-12", "-12", "-12", "-12", "-12", "-12", "-12", "-12", "-12", "-12", "-12"], "timeMode": "false", "maxScore": "100000", "fallMode": "true", "escapeMode": "false"}, "18": {"vir": ["0", "0", "0", "0", "0", "0", "0", "0", "0", "0", "0", "0", "0", "0", "0", "0", "0", "0", "0", "0", "0", "0", "0", "0", "0", "0", "0", "0", "0", "0", "0", "0", "0", "0", "0", "0", "0", "0", "0", "0", "0", "0", "0", "0", "0", "0", "0", "0"], "maxCol": "6", "blocksMode": "false", "color": "5", "croissant": "1", "minScore": "10000", "move": "20", "balloonsBonus": ["0", "0", "0", "0", "0", "60", "0", "0", "0", "0", "0", "0", "0", "0", "0", "0", "0", "0", "0", "0", "0", "0", "0", "0", "0", "0", "0", "0", "0", "0", "0", "0", "0", "0", "0", "0", "0", "0", "0", "0", "0", "0", "0", "0", "0", "0", "0", "0"], "maxRow": "8", "midScore": "35000", "escOrFallCount": "0", "block": ["0", "0", "0", "0", "0", "0", "0", "0", "0", "0", "0", "0", "0", "0", "0", "0", "0", "0", "0", "0", "0", "0", "0", "0", "0", "0", "0", "0", "0", "0", "0", "0", "0", "0", "0", "0", "0", "0", "0", "0", "0", "0", "0", "0", "0", "0", "0", "0"], "moveMode": "true", "time": "0", "wrap": "true", "world": ["-12", "-12", "-12", "-12", "0", "-12", "-12", "-12", "-12", "-12", "0", "-12", "-12", "-12", "-12", "-12", "0", "-12", "-12", "-12", "-12", "-12", "0", "-12", "-12", "-12", "-12", "-12", "0", "-12", "-12", "-12", "-12", "-12", "0", "-12", "-12", "-12", "-12", "-12", "-12", "-12", "-12", "-12", "-12", "-12", "-12", "-12"], "timeMode": "false", "maxScore": "50000", "fallMode": "true", "escapeMode": "false"}, "19": {"vir": ["0", "0", "0", "0", "0", "0", "0", "0", "0", "0", "0", "0", "0", "0", "0", "0", "0", "0", "0", "0", "0", "0", "0", "0", "0", "0", "0", "0", "0", "0", "0", "0", "0", "0", "0", "0", "0", "0", "0", "0", "0", "0", "0", "0", "0", "0", "0", "0", "0"], "maxCol": "7", "blocksMode": "true", "color": "6", "croissant": "0", "minScore": "40000", "move": "20", "balloonsBonus": ["0", "0", "0", "0", "0", "0", "0", "0", "0", "0", "0", "0", "0", "0", "0", "0", "0", "0", "0", "0", "0", "0", "0", "0", "0", "0", "0", "0", "0", "0", "0", "0", "0", "0", "0", "0", "0", "0", "0", "0", "0", "0", "0", "0", "0", "0", "0", "0", "0"], "maxRow": "7", "midScore": "55000", "escOrFallCount": "0", "block": ["0", "0", "2", "2", "2", "0", "0", "0", "2", "2", "2", "2", "2", "0", "2", "2", "3", "3", "3", "2", "2", "2", "2", "3", "0", "3", "2", "2", "2", "2", "3", "3", "3", "2", "2", "0", "2", "2", "2", "2", "2", "0", "0", "0", "2", "2", "2", "0", "0"], "moveMode": "true", "time": "0", "wrap": "true", "world": ["-12", "-12", "-12", "-12", "-12", "-12", "-12", "-12", "-12", "-12", "-12", "-12", "-12", "-12", "-12", "-12", "-12", "-12", "-12", "-12", "-12", "-12", "-12", "-12", "-12", "-12", "-12", "-12", "-12", "-12", "-12", "-12", "-12", "-12", "-12", "-12", "-12", "-12", "-12", "-12", "-12", "-12", "-12", "-12", "-12", "-12", "-12", "-12", "-12"], "timeMode": "false", "maxScore": "65000", "fallMode": "false", "escapeMode": "false"}, "20": {"vir": ["0", "0", "0", "0", "0", "0", "0", "0", "0", "0", "0", "0", "0", "0", "0", "0", "0", "0", "0", "0", "0", "0", "0", "0", "0", "0", "0", "0", "0", "0", "0", "0", "0", "0", "0", "0", "0", "0", "0", "0", "0", "0", "0", "0", "0", "0", "0", "0", "0", "0", "0", "0", "0", "0", "0", "0"], "maxCol": "7", "blocksMode": "false", "color": "4", "croissant": "4", "minScore": "30000", "move": "21", "balloonsBonus": ["0", "0", "0", "0", "0", "0", "0", "0", "0", "0", "0", "0", "0", "0", "0", "0", "0", "0", "0", "0", "0", "0", "0", "0", "0", "0", "0", "0", "0", "0", "0", "0", "0", "0", "0", "0", "0", "0", "0", "0", "0", "0", "0", "0", "0", "0", "0", "0", "0", "0", "0", "0", "0", "0", "0", "0"], "maxRow": "8", "midScore": "100000", "escOrFallCount": "0", "block": ["0", "0", "0", "0", "0", "0", "0", "0", "0", "0", "0", "0", "0", "0", "0", "0", "0", "0", "0", "0", "0", "0", "0", "0", "0", "0", "0", "0", "0", "0", "0", "0", "0", "0", "0", "0", "0", "0", "0", "0", "0", "0", "0", "0", "0", "0", "0", "0", "0", "0", "0", "0", "0", "0", "0", "0"], "moveMode": "true", "time": "0", "wrap": "true", "world": ["0", "0", "-8", "-8", "-8", "0", "0", "0", "-8", "-8", "-8", "-8", "-8", "0", "-8", "-8", "-8", "-8", "-8", "-8", "-8", "-8", "-8", "-8", "-8", "-8", "-8", "-8", "-8", "-8", "-8", "-8", "-8", "-8", "-8", "-8", "-8", "-8", "-8", "-8", "-8", "-8", "-8", "-8", "-8", "0", "-8", "-8", "-8", "-8", "0", "-8", "0", "-8", "0", "-8"], "timeMode": "false", "maxScore": "115000", "fallMode": "true", "escapeMode": "false"}, "21": {"vir": ["0", "0", "0", "0", "0", "0", "0", "0", "0", "0", "0", "0", "0", "0", "0", "0", "0", "0", "0", "0", "0", "0", "0", "0", "0", "0", "0", "0", "0", "0", "0", "0", "0", "0", "0", "0", "0", "0", "0", "0", "0", "0", "0", "0", "0", "0", "0", "0", "0"], "maxCol": "7", "blocksMode": "false", "color": "4", "croissant": "0", "minScore": "15000", "move": "15", "balloonsBonus": ["0", "0", "0", "0", "0", "0", "0", "0", "0", "0", "0", "0", "0", "0", "0", "0", "0", "0", "0", "0", "0", "0", "0", "0", "0", "0", "0", "0", "0", "0", "0", "0", "0", "0", "0", "0", "0", "0", "0", "0", "0", "0", "0", "0", "0", "0", "0", "0", "0"], "maxRow": "7", "midScore": "30000", "escOrFallCount": "0", "block": ["0", "0", "0", "0", "0", "0", "0", "0", "0", "0", "0", "0", "0", "0", "0", "0", "0", "0", "0", "0", "0", "0", "0", "0", "0", "0", "0", "0", "0", "0", "0", "0", "0", "0", "0", "0", "0", "0", "0", "0", "0", "0", "0", "0", "0", "0", "0", "0", "0"], "moveMode": "true", "time": "0", "wrap": "true", "world": ["0", "0", "0", "-12", "0", "0", "0", "0", "0", "-8", "-8", "-8", "0", "0", "0", "-8", "-8", "-12", "-8", "-8", "0", "-8", "-8", "-8", "-8", "-8", "-8", "-12", "0", "-8", "-8", "-12", "-8", "-8", "0", "0", "0", "-8", "-8", "-8", "0", "0", "0", "0", "0", "-12", "0", "0", "0"], "timeMode": "false", "maxScore": "40000", "fallMode": "false", "escapeMode": "false"}, "22": {"vir": ["0", "0", "0", "0", "0", "0", "0", "0", "0", "0", "0", "0", "0", "0", "0", "0", "0", "0", "0", "0", "0", "0", "0", "0", "0", "100", "0", "0", "0", "100", "0", "100", "0", "100", "0", "0", "0", "100", "0", "0"], "maxCol": "5", "blocksMode": "false", "color": "5", "croissant": "0", "minScore": "50000", "move": "25", "balloonsBonus": ["0", "0", "0", "0", "0", "0", "0", "0", "0", "0", "0", "0", "0", "0", "0", "0", "0", "0", "0", "0", "0", "0", "0", "0", "0", "0", "0", "0", "0", "0", "0", "0", "0", "0", "0", "0", "0", "0", "0", "0"], "maxRow": "8", "midScore": "95000", "escOrFallCount": "15", "block": ["0", "0", "0", "0", "0", "0", "0", "0", "0", "0", "0", "0", "0", "0", "0", "0", "0", "0", "0", "0", "0", "0", "0", "0", "0", "0", "0", "0", "0", "0", "0", "0", "0", "0", "0", "0", "0", "0", "0", "0"], "moveMode": "true", "time": "0", "wrap": "true", "world": ["-12", "-12", "-12", "-12", "-12", "-12", "-12", "-12", "-12", "-12", "-12", "-12", "-12", "-12", "-12", "-12", "-12", "-12", "-12", "-12", "-12", "-12", "-12", "-12", "-12", "-12", "-12", "-12", "-12", "-12", "0", "-12", "-12", "-12", "0", "0", "0", "-12", "0", "0"], "timeMode": "false", "maxScore": "105000", "fallMode": "false", "escapeMode": "true"}, "23": {"vir": ["0", "0", "0", "0", "0", "0", "0", "0", "0", "0", "0", "0", "0", "0", "0", "0", "0", "0", "0", "0", "0", "0", "0", "0", "0", "0", "0", "0", "0", "0", "0", "0", "0", "0", "0", "0", "0", "0", "0", "0", "0", "0", "100", "0", "100", "0", "100", "0", "100", "0", "100", "0", "100", "0", "100", "0"], "maxCol": "7", "blocksMode": "false", "color": "5", "croissant": "0", "minScore": "50000", "move": "25", "balloonsBonus": ["0", "0", "0", "0", "0", "0", "0", "0", "0", "0", "0", "0", "0", "0", "0", "0", "0", "0", "0", "0", "0", "0", "0", "0", "0", "0", "0", "0", "0", "0", "0", "0", "0", "0", "0", "0", "0", "0", "0", "0", "0", "0", "0", "0", "0", "0", "0", "0", "0", "0", "0", "0", "0", "0", "0", "0"], "maxRow": "8", "midScore": "100000", "escOrFallCount": "15", "block": ["0", "0", "0", "0", "0", "0", "0", "0", "0", "0", "0", "0", "0", "0", "0", "0", "0", "0", "0", "0", "0", "0", "0", "0", "0", "0", "0", "0", "0", "0", "0", "0", "0", "0", "0", "0", "0", "0", "0", "0", "0", "0", "0", "0", "0", "0", "0", "0", "0", "0", "0", "0", "0", "0", "0", "0"], "moveMode": "true", "time": "0", "wrap": "true", "world": ["-8", "-8", "-8", "-8", "-8", "-8", "-8", "-8", "-8", "-8", "-8", "-8", "-8", "-8", "-8", "-8", "-8", "-8", "-8", "-8", "-8", "0", "-8", "0", "-8", "0", "-8", "0", "-8", "-8", "-8", "-8", "-8", "-8", "-8", "-8", "-8", "-8", "-8", "-8", "-8", "-8", "-8", "0", "-8", "0", "-8", "0", "-8", "0", "-8", "0", "-8", "0", "-8", "0"], "timeMode": "false", "maxScore": "110000", "fallMode": "false", "escapeMode": "true"}, "24": {"vir": ["0", "0", "0", "0", "0", "0", "0", "0", "0", "0", "0", "0", "0", "0", "0", "0", "0", "0", "0", "0", "0", "0", "0", "0", "0", "0", "0", "0", "0", "0", "0", "0", "0", "0", "0", "0", "0", "0", "0", "0", "0", "0", "0", "0", "0", "0", "0", "0", "0", "0", "0", "0", "0", "0", "0", "0", "0", "0", "0", "0", "0", "0", "0", "0"], "maxCol": "8", "blocksMode": "true", "color": "5", "croissant": "0", "minScore": "60000", "move": "25", "balloonsBonus": ["0", "0", "0", "0", "0", "0", "0", "0", "0", "0", "0", "0", "0", "0", "0", "0", "0", "0", "0", "0", "0", "0", "0", "0", "0", "0", "0", "0", "0", "0", "0", "0", "0", "0", "0", "0", "0", "0", "0", "0", "0", "0", "0", "0", "0", "0", "0", "0", "0", "0", "0", "0", "0", "0", "0", "0", "0", "0", "0", "0", "0", "0", "0", "0"], "maxRow": "8", "midScore": "80000", "escOrFallCount": "0", "block": ["0", "0", "0", "0", "0", "0", "0", "0", "0", "2", "2", "3", "3", "2", "2", "0", "0", "2", "2", "3", "3", "2", "2", "0", "0", "3", "3", "0", "0", "3", "3", "0", "0", "3", "3", "0", "0", "3", "3", "0", "0", "2", "2", "3", "3", "2", "2", "0", "0", "2", "2", "3", "3", "2", "2", "0", "0", "0", "0", "0", "0", "0", "0", "0"], "moveMode": "true", "time": "0", "wrap": "true", "world": ["0", "-8", "-8", "0", "0", "-8", "-8", "0", "-8", "-8", "-8", "-8", "-8", "-8", "-8", "-8", "-8", "-8", "-8", "-8", "-8", "-8", "-8", "-8", "0", "-8", "-8", "0", "0", "-8", "-8", "0", "0", "-8", "-8", "0", "0", "-8", "-8", "0", "-8", "-8", "-8", "-8", "-8", "-8", "-8", "-8", "-8", "-8", "-8", "-8", "-8", "-8", "-8", "-8", "0", "-8", "-8", "0", "0", "-8", "-8", "0"], "timeMode": "false", "maxScore": "100000", "fallMode": "false", "escapeMode": "false"}, "25": {"vir": ["0", "0", "0", "0", "0", "0", "0", "0", "0", "0", "0", "0", "0", "0", "0", "0", "0", "0", "0", "0", "0", "0", "0", "0", "0", "0", "0", "0", "0", "0", "0", "0", "0", "0", "0", "0", "0", "0", "0", "0", "0", "0", "0", "0", "0", "0", "0", "0", "0", "0", "0", "0", "0", "0", "0", "0", "0", "0", "0", "0", "0", "0", "0", "0"], "maxCol": "8", "blocksMode": "false", "color": "5", "croissant": "0", "minScore": "20000", "move": "0", "balloonsBonus": ["0", "0", "0", "0", "0", "0", "0", "0", "0", "0", "0", "0", "0", "0", "0", "0", "0", "0", "0", "0", "0", "0", "0", "0", "0", "0", "0", "0", "0", "0", "0", "0", "0", "0", "0", "0", "0", "0", "0", "0", "0", "0", "0", "0", "0", "0", "0", "0", "0", "0", "0", "0", "0", "0", "0", "0", "0", "0", "0", "0", "0", "0", "0", "0"], "maxRow": "8", "midScore": "30000", "escOrFallCount": "0", "block": ["0", "0", "0", "0", "0", "0", "0", "0", "0", "0", "0", "0", "0", "0", "0", "0", "0", "0", "0", "0", "0", "0", "0", "0", "0", "0", "0", "0", "0", "0", "0", "0", "0", "0", "0", "0", "0", "0", "0", "0", "0", "0", "0", "0", "0", "0", "0", "0", "0", "0", "0", "0", "0", "0", "0", "0", "0", "0", "0", "0", "0", "0", "0", "0"], "moveMode": "false", "time": "60", "wrap": "false", "world": ["-8", "-8", "-8", "-8", "-8", "-8", "-8", "-8", "-8", "-12", "-8", "-8", "-8", "-8", "-12", "-8", "-8", "0", "-8", "-8", "-8", "-8", "0", "-8", "0", "0", "0", "-12", "-12", "0", "0", "0", "0", "0", "0", "-12", "-12", "0", "0", "0", "-8", "0", "-8", "-8", "-8", "-8", "0", "-8", "-8", "-12", "-8", "-8", "-8", "-8", "-12", "-8", "-8", "-8", "-8", "-8", "-8", "-8", "-8", "-8"], "timeMode": "true", "maxScore": "35000", "fallMode": "false", "escapeMode": "false"}, "26": {"vir": ["0", "0", "0", "0", "0", "0", "0", "0", "0", "0", "0", "0", "0", "0", "0", "0", "0", "0", "0", "0", "0", "0", "0", "0", "0", "0", "0", "0", "0", "0", "0", "0", "0", "0", "0", "0", "0", "0", "0", "0", "0", "0", "0", "0", "0", "0", "0", "0", "0", "0", "0", "0", "0", "0", "0", "0"], "maxCol": "7", "blocksMode": "false", "color": "4", "croissant": "4", "minScore": "35000", "move": "25", "balloonsBonus": ["0", "0", "0", "0", "0", "0", "0", "0", "0", "0", "0", "0", "0", "0", "0", "0", "0", "0", "0", "0", "0", "0", "0", "0", "0", "0", "0", "0", "0", "0", "0", "0", "0", "0", "0", "0", "0", "0", "0", "0", "0", "0", "0", "0", "0", "0", "0", "0", "0", "0", "0", "0", "0", "0", "0", "0"], "maxRow": "8", "midScore": "90000", "escOrFallCount": "0", "block": ["0", "0", "0", "0", "0", "0", "0", "0", "0", "0", "0", "0", "0", "0", "0", "0", "0", "0", "0", "0", "0", "0", "0", "0", "0", "0", "0", "0", "0", "0", "0", "0", "0", "0", "0", "0", "0", "0", "0", "0", "0", "0", "0", "0", "0", "0", "0", "0", "0", "0", "0", "0", "0", "0", "0", "0"], "moveMode": "true", "time": "0", "wrap": "true", "world": ["0", "0", "-12", "0", "-12", "0", "0", "0", "-12", "0", "-12", "0", "-12", "0", "-12", "0", "-12", "0", "-12", "0", "-12", "-12", "-12", "0", "-12", "0", "-12", "-12", "-12", "-12", "-12", "0", "-12", "-12", "-12", "-12", "-12", "-12", "-12", "-12", "-12", "-12", "-12", "-12", "-12", "-12", "-12", "-12", "-12", "-12", "-12", "-12", "-12", "-12", "-12", "-12"], "timeMode": "false", "maxScore": "100000", "fallMode": "true", "escapeMode": "false"}, "27": {"vir": ["0", "0", "0", "0", "0", "0", "0", "0", "0", "0", "0", "0", "0", "0", "0", "0", "0", "0", "0", "0", "0", "0", "0", "0", "0", "0", "0", "0", "0", "0", "0", "0", "0", "0", "0", "0", "0", "0", "0", "0", "0", "0", "0", "0", "0", "0", "0", "0", "0", "0", "100", "0", "0", "100", "0", "0"], "maxCol": "8", "blocksMode": "false", "color": "5", "croissant": "0", "minScore": "40000", "move": "20", "balloonsBonus": ["0", "0", "0", "0", "0", "0", "0", "0", "0", "0", "0", "0", "0", "0", "0", "0", "0", "0", "0", "0", "0", "0", "0", "0", "0", "0", "0", "0", "0", "0", "0", "0", "0", "0", "0", "0", "0", "0", "0", "0", "0", "0", "0", "0", "0", "0", "0", "0", "0", "0", "0", "0", "0", "0", "0", "0"], "maxRow": "7", "midScore": "80000", "escOrFallCount": "10", "block": ["0", "0", "0", "0", "0", "0", "0", "0", "0", "0", "0", "0", "0", "0", "0", "0", "0", "0", "0", "0", "0", "0", "0", "0", "0", "0", "0", "0", "0", "0", "0", "0", "0", "0", "0", "0", "0", "0", "0", "0", "0", "0", "0", "0", "0", "0", "0", "0", "0", "0", "0", "0", "0", "0", "0", "0"], "moveMode": "true", "time": "0", "wrap": "true", "world": ["0", "0", "-8", "0", "0", "-8", "0", "0", "0", "-12", "-8", "-8", "-8", "-8", "-12", "0", "-8", "-8", "-8", "-8", "-8", "-8", "-8", "-12", "-8", "-8", "-8", "-8", "-8", "-8", "-8", "-8", "-8", "-8", "-8", "-8", "-8", "-8", "-8", "-8", "0", "-12", "-8", "-8", "-8", "-8", "-12", "0", "0", "0", "-8", "0", "0", "-8", "0", "0"], "timeMode": "false", "maxScore": "90000", "fallMode": "false", "escapeMode": "true"}, "28": {"vir": ["0", "0", "0", "0", "0", "0", "0", "0", "0", "0", "0", "0", "0", "0", "0", "0", "0", "0", "0", "0", "0", "0", "0", "0", "0", "0", "0", "0", "0", "0", "0", "0", "0", "0", "0", "0", "0", "0", "0", "0", "0", "0", "0", "0", "0", "0", "0", "0", "0"], "maxCol": "7", "blocksMode": "true", "color": "5", "croissant": "0", "minScore": "25000", "move": "20", "balloonsBonus": ["0", "0", "0", "0", "0", "0", "0", "0", "0", "0", "0", "0", "0", "0", "0", "0", "0", "0", "0", "0", "0", "0", "0", "0", "0", "0", "0", "0", "0", "0", "0", "0", "0", "0", "0", "0", "0", "0", "0", "0", "0", "0", "0", "0", "0", "0", "0", "0", "0"], "maxRow": "7", "midScore": "50000", "escOrFallCount": "0", "block": ["0", "0", "0", "0", "0", "0", "0", "0", "0", "2", "2", "2", "2", "0", "0", "2", "0", "2", "2", "2", "0", "0", "2", "2", "0", "2", "2", "0", "0", "2", "2", "2", "0", "2", "0", "0", "2", "2", "2", "2", "0", "0", "0", "0", "0", "0", "0", "0", "0"], "moveMode": "true", "time": "0", "wrap": "true", "world": ["0", "-12", "-12", "-12", "-12", "-12", "-12", "-12", "0", "-12", "-12", "-12", "-12", "-12", "-12", "-12", "0", "-12", "-12", "-12", "-12", "-12", "-12", "-12", "0", "-12", "-12", "-12", "-12", "-12", "-12", "-12", "0", "-12", "-12", "-12", "-12", "-12", "-12", "-12", "0", "-12", "-12", "-12", "-12", "-12", "-12", "-12", "0"], "timeMode": "false", "maxScore": "65000", "fallMode": "false", "escapeMode": "false"}, "29": {"vir": ["0", "0", "0", "0", "0", "0", "0", "0", "0", "0", "0", "0", "0", "0", "0", "0", "0", "0", "0", "0", "0", "0", "0", "0", "0", "0", "0", "0", "0", "0", "0", "0", "0", "0", "0", "0", "0", "0", "0", "0", "0", "0", "0", "0", "0", "0", "0", "0", "0", "0", "0", "0", "0", "0", "0", "0"], "maxCol": "7", "blocksMode": "false", "color": "6", "croissant": "1", "minScore": "10000", "move": "20", "balloonsBonus": ["0", "0", "0", "60", "0", "0", "0", "0", "0", "0", "0", "0", "0", "0", "0", "0", "0", "0", "0", "0", "0", "0", "0", "0", "0", "0", "0", "0", "0", "0", "0", "0", "0", "0", "0", "0", "0", "0", "0", "0", "0", "0", "0", "0", "0", "0", "0", "0", "0", "0", "0", "0", "0", "0", "0", "0"], "maxRow": "8", "midScore": "60000", "escOrFallCount": "0", "block": ["0", "0", "0", "0", "0", "0", "0", "0", "0", "0", "0", "0", "0", "0", "0", "0", "0", "0", "0", "0", "0", "0", "0", "0", "0", "0", "0", "0", "0", "0", "0", "0", "0", "0", "0", "0", "0", "0", "0", "0", "0", "0", "0", "0", "0", "0", "0", "0", "0", "0", "0", "0", "0", "0", "0", "0"], "moveMode": "true", "time": "0", "wrap": "false", "world": ["0", "0", "0", "-12", "0", "0", "0", "0", "0", "-12", "0", "-12", "0", "0", "0", "-12", "-12", "-12", "-12", "-12", "0", "-12", "-12", "-12", "0", "-12", "-12", "-12", "-12", "-12", "-12", "-12", "-12", "-12", "-12", "-12", "-12", "-12", "0", "-12", "-12", "-12", "-12", "-12", "-12", "-12", "-12", "-12", "-12", "-12", "-12", "-12", "-12", "-12", "-12", "-12"], "timeMode": "false", "maxScore": "75000", "fallMode": "true", "escapeMode": "false"}, "30": {"vir": ["0", "0", "0", "0", "0", "0", "0", "0", "0", "0", "0", "0", "0", "0", "0", "0", "0", "0", "0", "0", "0", "0", "0", "0", "0", "0", "0", "0", "0", "0", "0", "0", "0", "0", "0", "0", "0", "0", "0", "0", "0", "0", "0", "0", "0", "0", "0", "0", "0", "0", "0", "0", "0", "0", "0", "0", "100", "100", "100", "100", "100", "100", "100", "100"], "maxCol": "8", "blocksMode": "false", "color": "6", "croissant": "0", "minScore": "50000", "move": "20", "balloonsBonus": ["0", "0", "0", "0", "0", "0", "0", "0", "0", "0", "0", "0", "0", "0", "0", "0", "0", "0", "0", "0", "0", "0", "0", "0", "0", "0", "0", "0", "0", "0", "0", "0", "0", "0", "0", "0", "0", "0", "0", "0", "0", "0", "0", "0", "0", "0", "0", "0", "0", "0", "0", "0", "0", "0", "0", "0", "0", "0", "0", "0", "0", "0", "0", "0"], "maxRow": "8", "midScore": "80000", "escOrFallCount": "15", "block": ["0", "0", "0", "0", "0", "0", "0", "0", "0", "0", "0", "0", "0", "0", "0", "0", "0", "0", "0", "0", "0", "0", "0", "0", "0", "0", "0", "0", "0", "0", "0", "0", "0", "0", "0", "0", "0", "0", "0", "0", "0", "0", "0", "0", "0", "0", "0", "0", "0", "0", "0", "0", "0", "0", "0", "0", "0", "0", "0", "0", "0", "0", "0", "0"], "moveMode": "true", "time": "0", "wrap": "true", "world": ["-8", "-8", "-8", "-8", "-8", "-8", "-8", "-8", "-8", "-8", "-8", "-8", "-8", "-8", "-8", "-8", "-8", "-8", "-8", "-8", "-8", "-8", "-8", "-8", "-8", "-8", "-8", "-8", "-8", "-8", "-8", "-8", "-8", "-8", "-8", "-8", "-8", "-8", "-8", "-8", "-8", "-8", "-8", "-8", "-8", "-8", "-8", "-8", "-8", "-8", "-8", "-8", "-8", "-8", "-8", "-8", "-8", "-8", "-8", "-8", "-8", "-8", "-8", "-8"], "timeMode": "false", "maxScore": "90000", "fallMode": "false", "escapeMode": "true"}, "31": {"vir": ["0", "0", "0", "0", "0", "0", "0", "0", "0", "0", "0", "0", "0", "0", "0", "0", "0", "0", "0", "0", "0", "0", "0", "0", "0", "0", "0", "0", "0", "0", "0", "0", "0", "0", "0", "0"], "maxCol": "6", "blocksMode": "false", "color": "3", "croissant": "0", "minScore": "50000", "move": "15", "balloonsBonus": ["0", "0", "0", "0", "0", "0", "0", "0", "0", "0", "0", "0", "0", "0", "0", "0", "0", "0", "0", "0", "0", "0", "0", "0", "0", "0", "0", "0", "0", "0", "0", "0", "0", "0", "0", "0"], "maxRow": "6", "midScore": "100000", "escOrFallCount": "0", "block": ["0", "0", "0", "0", "0", "0", "0", "0", "0", "0", "0", "0", "0", "0", "0", "0", "0", "0", "0", "0", "0", "0", "0", "0", "0", "0", "0", "0", "0", "0", "0", "0", "0", "0", "0", "0"], "moveMode": "true", "time": "0", "wrap": "true", "world": ["-8", "-8", "-8", "-8", "-8", "-8", "-8", "-8", "0", "0", "-8", "-8", "-8", "-12", "-8", "-8", "-12", "-8", "-8", "-12", "-8", "-8", "-12", "-8", "-8", "-8", "0", "0", "-8", "-8", "-8", "-8", "-8", "-8", "-8", "-8"], "timeMode": "false", "maxScore": "150000", "fallMode": "false", "escapeMode": "false"}, "32": {"vir": ["0", "0", "0", "0", "0", "0", "0", "0", "0", "0", "0", "0", "0", "0", "0", "0", "0", "0", "0", "0", "0", "0", "0", "0", "0", "0", "0", "0", "0", "0", "0", "0", "0", "0", "0", "0", "0", "0", "0", "0", "0", "0", "0", "0", "0", "0", "0", "0", "0", "0", "0", "0", "0", "0", "0", "0", "0", "0", "0", "0", "0", "0", "0", "0"], "maxCol": "8", "blocksMode": "true", "color": "7", "croissant": "0", "minScore": "15000", "move": "25", "balloonsBonus": ["0", "0", "0", "0", "0", "0", "0", "0", "0", "0", "0", "0", "0", "0", "0", "0", "0", "0", "0", "0", "0", "0", "0", "0", "0", "0", "0", "0", "0", "0", "0", "0", "0", "0", "0", "0", "0", "0", "0", "0", "0", "0", "0", "0", "0", "0", "0", "0", "0", "0", "0", "0", "0", "0", "0", "0", "0", "0", "0", "0", "0", "0", "0", "0"], "maxRow": "8", "midScore": "50000", "escOrFallCount": "0", "block": ["0", "0", "0", "0", "0", "0", "0", "0", "0", "2", "0", "0", "0", "0", "2", "0", "0", "0", "2", "0", "0", "2", "0", "0", "0", "0", "0", "2", "2", "0", "0", "0", "0", "0", "0", "2", "2", "0", "0", "0", "0", "0", "2", "0", "0", "2", "0", "0", "0", "2", "0", "0", "0", "0", "2", "0", "0", "0", "0", "0", "0", "0", "0", "0"], "moveMode": "true", "time": "0", "wrap": "true", "world": ["0", "-12", "-12", "-12", "-12", "-12", "-12", "0", "-12", "-12", "-12", "-12", "-12", "-12", "-12", "-12", "-12", "-12", "-12", "-12", "-12", "-12", "-12", "-12", "-12", "-12", "-8", "-12", "-12", "-8", "-12", "-12", "-12", "-12", "-8", "-12", "-12", "-8", "-12", "-12", "-12", "-12", "-12", "-8", "-8", "-12", "-12", "-12", "-12", "-12", "-12", "-12", "-12", "-12", "-12", "-12", "0", "-12", "-12", "-12", "-12", "-12", "-12", "0"], "timeMode": "false", "maxScore": "70000", "fallMode": "false", "escapeMode": "false"}, "33": {"vir": ["0", "0", "0", "0", "0", "0", "0", "0", "0", "0", "0", "0", "0", "0", "0", "0", "0", "0", "0", "0", "0", "0", "0", "0", "0", "0", "0", "0", "0", "0", "0", "0", "0", "0", "0", "0", "0", "0", "0", "0", "0", "0", "0", "0", "0", "0", "0", "0", "0", "0", "0", "0", "0", "0", "0", "0"], "maxCol": "7", "blocksMode": "false", "color": "4", "croissant": "4", "minScore": "50000", "move": "30", "balloonsBonus": ["0", "0", "0", "0", "0", "0", "0", "0", "0", "0", "0", "0", "0", "0", "0", "0", "0", "0", "0", "0", "0", "0", "0", "0", "0", "0", "0", "0", "0", "0", "0", "0", "0", "0", "0", "0", "0", "0", "0", "0", "0", "0", "0", "0", "0", "0", "0", "0", "0", "0", "0", "0", "0", "0", "0", "0"], "maxRow": "8", "midScore": "90000", "escOrFallCount": "0", "block": ["0", "0", "0", "0", "0", "0", "0", "0", "0", "0", "0", "0", "0", "0", "0", "0", "0", "0", "0", "0", "0", "0", "0", "0", "0", "0", "0", "0", "0", "0", "0", "0", "0", "0", "0", "0", "0", "0", "0", "0", "0", "0", "0", "0", "0", "0", "0", "0", "0", "0", "0", "0", "0", "0", "0", "0"], "moveMode": "true", "time": "0", "wrap": "false", "world": ["-12", "-8", "-12", "-12", "-12", "-8", "-12", "-8", "-8", "0", "0", "0", "-8", "-8", "-12", "-8", "-8", "-8", "-8", "-8", "-12", "-8", "-8", "0", "0", "0", "-8", "-8", "-12", "-8", "-8", "-8", "-8", "-8", "-12", "-8", "-8", "0", "0", "0", "-8", "-8", "-12", "-8", "-8", "-8", "-8", "-8", "-12", "-8", "-8", "-8", "-8", "-8", "-8", "-8"], "timeMode": "false", "maxScore": "110000", "fallMode": "true", "escapeMode": "false"}, "34": {"vir": ["0", "0", "0", "0", "0", "0", "0", "0", "0", "0", "0", "0", "0", "0", "0", "0", "0", "0", "0", "0", "0", "0", "0", "0", "0", "0", "0", "0", "0", "0", "0", "0", "0", "0", "0", "0", "0", "0", "0", "0", "0", "0", "0", "0", "0", "0", "0", "0", "0"], "maxCol": "7", "blocksMode": "true", "color": "6", "croissant": "0", "minScore": "25000", "move": "25", "balloonsBonus": ["0", "0", "0", "0", "0", "0", "0", "0", "0", "0", "0", "0", "0", "0", "0", "0", "0", "0", "0", "0", "0", "0", "0", "0", "0", "0", "0", "0", "0", "0", "0", "0", "0", "0", "0", "0", "0", "0", "0", "0", "0", "0", "0", "0", "0", "0", "0", "0", "0"], "maxRow": "7", "midScore": "60000", "escOrFallCount": "0", "block": ["0", "0", "0", "0", "0", "0", "0", "0", "0", "0", "0", "0", "0", "0", "0", "0", "0", "0", "0", "0", "0", "2", "2", "2", "2", "2", "2", "2", "2", "3", "3", "3", "3", "3", "2", "0", "2", "3", "3", "3", "2", "0", "0", "0", "2", "2", "2", "0", "0"], "moveMode": "true", "time": "0", "wrap": "false", "world": ["-12", "-12", "-12", "-12", "-12", "-12", "-12", "-12", "-12", "-12", "-12", "-12", "-12", "-12", "-12", "-12", "-12", "-12", "-12", "-12", "-12", "-12", "-12", "-12", "-12", "-12", "-12", "-12", "-12", "-12", "-12", "-12", "-12", "-12", "-12", "0", "-12", "-12", "-12", "-12", "-12", "0", "0", "0", "-12", "-12", "-12", "0", "0"], "timeMode": "false", "maxScore": "75000", "fallMode": "false", "escapeMode": "false"}, "35": {"vir": ["0", "0", "0", "0", "0", "0", "0", "0", "0", "0", "0", "0", "0", "0", "0", "0", "0", "0", "0", "0", "0", "0", "0", "0", "0", "0", "0", "0", "0", "0", "0", "0", "0", "0", "0", "0", "0", "0", "0", "0", "0", "0", "0", "0", "0", "0", "0", "0", "0", "0", "0", "0", "0", "0", "0", "0", "0", "0", "0", "0", "0", "0", "0", "0"], "maxCol": "8", "blocksMode": "false", "color": "7", "croissant": "0", "minScore": "10000", "move": "0", "balloonsBonus": ["0", "0", "0", "0", "0", "0", "0", "0", "0", "0", "0", "0", "0", "0", "0", "0", "0", "0", "0", "0", "0", "0", "0", "0", "0", "0", "0", "0", "0", "0", "0", "0", "0", "0", "0", "0", "0", "0", "0", "0", "0", "0", "0", "0", "0", "0", "0", "0", "0", "0", "0", "0", "0", "0", "0", "0", "0", "0", "0", "0", "0", "0", "0", "0"], "maxRow": "8", "midScore": "15000", "escOrFallCount": "0", "block": ["0", "0", "0", "0", "0", "0", "0", "0", "0", "0", "0", "0", "0", "0", "0", "0", "0", "0", "0", "0", "0", "0", "0", "0", "0", "0", "0", "0", "0", "0", "0", "0", "0", "0", "0", "0", "0", "0", "0", "0", "0", "0", "0", "0", "0", "0", "0", "0", "0", "0", "0", "0", "0", "0", "0", "0", "0", "0", "0", "0", "0", "0", "0", "0"], "moveMode": "false", "time": "60", "wrap": "true", "world": ["0", "-8", "-8", "0", "0", "-8", "-8", "0", "-8", "-12", "-8", "-8", "-8", "-8", "-12", "-8", "-8", "-8", "-8", "-8", "-8", "-8", "-8", "-8", "0", "-8", "-8", "-8", "-8", "-8", "-8", "0", "0", "-8", "-8", "-8", "-8", "-8", "-8", "0", "-8", "-8", "-8", "-8", "-8", "-8", "-8", "-8", "-8", "-12", "-8", "-8", "-8", "-8", "-12", "-8", "0", "-8", "-8", "0", "0", "-8", "-8", "0"], "timeMode": "true", "maxScore": "18000", "fallMode": "false", "escapeMode": "false"}, "36": {"vir": ["0", "0", "0", "0", "0", "0", "0", "0", "0", "0", "0", "0", "0", "0", "0", "100", "0", "0", "0", "100", "0", "0", "0", "0", "0", "0", "0", "0", "0", "0", "0", "0", "0", "0", "0", "0", "0", "0", "0", "0", "0", "0", "0", "0", "0", "0", "0", "0", "0", "0", "0", "100", "0", "100", "0", "0"], "maxCol": "7", "blocksMode": "false", "color": "5", "croissant": "0", "minScore": "50000", "move": "20", "balloonsBonus": ["0", "0", "0", "0", "0", "0", "0", "0", "0", "0", "0", "0", "0", "0", "0", "0", "0", "0", "0", "0", "0", "0", "0", "0", "0", "0", "0", "0", "0", "0", "0", "0", "0", "0", "0", "0", "0", "0", "0", "0", "0", "0", "0", "0", "0", "0", "0", "0", "0", "0", "0", "0", "0", "0", "0", "0"], "maxRow": "8", "midScore": "75000", "escOrFallCount": "15", "block": ["0", "0", "0", "0", "0", "0", "0", "0", "0", "0", "0", "0", "0", "0", "0", "0", "0", "0", "0", "0", "0", "0", "0", "0", "0", "0", "0", "0", "0", "0", "0", "0", "0", "0", "0", "0", "0", "0", "0", "0", "0", "0", "0", "0", "0", "0", "0", "0", "0", "0", "0", "0", "0", "0", "0", "0"], "moveMode": "true", "time": "0", "wrap": "true", "world": ["0", "-12", "0", "0", "0", "-12", "0", "-12", "-8", "-8", "0", "-8", "-8", "-12", "-8", "-8", "-8", "-8", "-8", "-8", "-8", "-8", "-8", "-8", "-8", "-8", "-8", "-8", "0", "-8", "-8", "-8", "-8", "-8", "0", "0", "-8", "-8", "-8", "-8", "-8", "0", "0", "0", "-8", "-8", "-8", "0", "0", "0", "0", "-8", "-8", "-8", "0", "0"], "timeMode": "false", "maxScore": "85000", "fallMode": "false", "escapeMode": "true"}, "37": {"vir": ["0", "0", "0", "0", "0", "0", "0", "0", "0", "0", "0", "0", "0", "0", "0", "0", "0", "0", "0", "0", "0", "0", "0", "0", "0", "0", "0", "0", "0", "0", "0", "0", "0", "0", "0", "0", "0", "0", "0", "0", "0", "0", "0", "0", "0", "0", "0", "0", "0"], "maxCol": "7", "blocksMode": "true", "color": "5", "croissant": "0", "minScore": "25000", "move": "20", "balloonsBonus": ["0", "0", "0", "0", "0", "0", "0", "0", "0", "0", "0", "0", "0", "0", "0", "0", "0", "0", "0", "0", "0", "0", "0", "0", "0", "0", "0", "0", "0", "0", "0", "0", "0", "0", "0", "0", "0", "0", "0", "0", "0", "0", "0", "0", "0", "0", "0", "0", "0"], "maxRow": "7", "midScore": "65000", "escOrFallCount": "0", "block": ["0", "2", "0", "0", "0", "2", "0", "2", "3", "2", "0", "2", "3", "2", "0", "2", "0", "0", "0", "2", "0", "0", "0", "0", "0", "0", "0", "0", "0", "2", "0", "0", "0", "2", "0", "2", "3", "2", "0", "2", "3", "2", "0", "2", "0", "0", "0", "2", "0"], "moveMode": "true", "time": "0", "wrap": "true", "world": ["-8", "-8", "-8", "0", "-8", "-12", "-12", "-8", "-8", "-8", "-8", "-8", "-12", "-8", "-8", "-8", "-8", "-8", "-12", "-8", "-8", "0", "-8", "-8", "-12", "-8", "-8", "0", "-8", "-8", "-12", "-8", "-12", "-8", "-8", "-8", "-12", "-8", "-8", "-8", "-12", "-8", "-12", "-8", "-8", "0", "-8", "-8", "-12"], "timeMode": "false", "maxScore": "75000", "fallMode": "false", "escapeMode": "false"}, "38": {"vir": ["0", "0", "0", "0", "0", "0", "0", "0", "0", "0", "0", "0", "0", "0", "0", "0", "0", "0", "0", "0", "0", "0", "0", "0", "0", "0", "0", "0", "0", "0", "0", "0", "0", "0", "0", "0", "0", "0", "0", "0", "0", "0", "0", "0", "0", "0", "0", "0", "0", "0", "0", "0", "0", "0", "0", "0"], "maxCol": "7", "blocksMode": "false", "color": "5", "croissant": "4", "minScore": "35000", "move": "30", "balloonsBonus": ["0", "0", "0", "0", "0", "0", "0", "0", "0", "0", "0", "0", "0", "0", "0", "0", "0", "0", "0", "0", "0", "0", "0", "0", "0", "0", "0", "0", "0", "0", "0", "0", "0", "0", "0", "0", "0", "0", "0", "0", "0", "0", "0", "0", "0", "0", "0", "0", "0", "0", "0", "0", "0", "0", "0", "0"], "maxRow": "8", "midScore": "80000", "escOrFallCount": "0", "block": ["0", "0", "0", "0", "0", "0", "0", "0", "0", "0", "0", "0", "0", "0", "0", "0", "0", "0", "0", "0", "0", "0", "0", "0", "0", "0", "0", "0", "0", "0", "0", "0", "0", "0", "0", "0", "0", "0", "0", "0", "0", "0", "0", "0", "0", "0", "0", "0", "0", "0", "0", "0", "0", "0", "0", "0"], "moveMode": "true", "time": "0", "wrap": "true", "world": ["0", "0", "-12", "0", "-12", "0", "0", "0", "-8", "-12", "-12", "-12", "-8", "0", "-12", "-8", "-8", "0", "-8", "-8", "-12", "-8", "-8", "-12", "-12", "-12", "-8", "-8", "-12", "-8", "-8", "0", "-8", "-8", "-12", "-8", "-8", "-12", "-12", "-12", "-8", "-8", "-12", "-8", "-8", "0", "-8", "-8", "-12", "-8", "-8", "-8", "-8", "-8", "-8", "-8"], "timeMode": "false", "maxScore": "90000", "fallMode": "true", "escapeMode": "false"}, "daco": "tu", "40": {"vir": ["0", "0", "0", "0", "0", "0", "0", "0", "0", "0", "0", "0", "0", "0", "0", "0", "0", "0", "0", "0", "0", "0", "0", "0", "0", "0", "0", "0", "0", "0", "0", "0", "0", "0", "0", "0", "0", "0", "0", "0", "0", "0", "0", "0", "0", "0", "0", "0", "0", "0", "0", "0", "0", "0", "0", "0", "0", "0", "0", "0", "0", "0", "0", "0"], "maxCol": "8", "blocksMode": "true", "color": "7", "croissant": "0", "minScore": "15000", "move": "30", "balloonsBonus": ["0", "0", "0", "0", "0", "0", "0", "0", "0", "0", "0", "0", "0", "0", "0", "0", "0", "0", "0", "0", "0", "0", "0", "0", "0", "0", "0", "0", "0", "0", "0", "0", "0", "0", "0", "0", "0", "0", "0", "0", "0", "0", "0", "0", "0", "0", "0", "0", "0", "0", "0", "0", "0", "0", "0", "0", "0", "0", "0", "0", "0", "0", "0", "0"], "maxRow": "8", "midScore": "55000", "escOrFallCount": "0", "block": ["0", "0", "0", "0", "0", "0", "0", "0", "0", "0", "0", "0", "0", "0", "0", "0", "0", "0", "0", "0", "0", "0", "0", "0", "2", "0", "0", "0", "0", "0", "0", "2", "0", "2", "0", "0", "0", "0", "2", "0", "2", "0", "2", "0", "0", "2", "0", "2", "0", "2", "0", "0", "0", "0", "2", "0", "2", "0", "0", "0", "0", "0", "0", "2"], "moveMode": "true", "time": "0", "wrap": "true", "world": ["0", "0", "0", "-12", "-12", "0", "0", "0", "0", "0", "-12", "-12", "-12", "-12", "0", "0", "0", "-12", "-12", "-12", "-12", "-12", "-12", "0", "-12", "-12", "-12", "-12", "-12", "-12", "-12", "-12", "-12", "-12", "-12", "-12", "-12", "-12", "-12", "-12", "-12", "-12", "-12", "-12", "-12", "-12", "-12", "-12", "-12", "-12", "-12", "-12", "-12", "-12", "-12", "-12", "-12", "-12", "-12", "-12", "-12", "-12", "-12", "-12"], "timeMode": "false", "maxScore": "70000", "fallMode": "false", "escapeMode": "false"}, "41": {"vir": ["0", "0", "0", "0", "0", "0", "0", "0", "0", "0", "0", "0", "0", "0", "0", "0", "0", "0", "0", "0", "0", "0", "0", "0", "0", "0", "0", "0", "0", "0", "0", "0", "0", "0", "0", "0", "0", "0", "0", "0", "0", "0", "0", "0", "0", "0", "0", "0", "0"], "maxCol": "7", "blocksMode": "false", "color": "4", "croissant": "0", "minScore": "20000", "move": "15", "balloonsBonus": ["0", "0", "0", "0", "0", "0", "0", "0", "0", "0", "0", "0", "0", "0", "0", "0", "0", "0", "0", "0", "0", "0", "0", "0", "0", "0", "0", "0", "0", "0", "0", "0", "0", "0", "0", "0", "0", "0", "0", "0", "0", "0", "0", "0", "0", "0", "0", "0", "0"], "maxRow": "7", "midScore": "30000", "escOrFallCount": "0", "block": ["0", "0", "0", "0", "0", "0", "0", "0", "0", "0", "0", "0", "0", "0", "0", "0", "0", "0", "0", "0", "0", "0", "0", "0", "0", "0", "0", "0", "0", "0", "0", "0", "0", "0", "0", "0", "0", "0", "0", "0", "0", "0", "0", "0", "0", "0", "0", "0", "0"], "moveMode": "true", "time": "0", "wrap": "true", "world": ["-12", "-12", "-12", "-12", "-12", "-12", "-12", "-12", "-12", "-12", "-12", "-12", "-12", "-12", "-12", "-12", "-12", "0", "-12", "-12", "-12", "0", "-12", "0", "0", "0", "-12", "0", "-12", "-12", "-12", "0", "-12", "-12", "-12", "-12", "-12", "-12", "-12", "-12", "-12", "-12", "-12", "-12", "-12", "-12", "-12", "-12", "-12"], "timeMode": "false", "maxScore": "40000", "fallMode": "false", "escapeMode": "false"}, "42": {"vir": ["0", "0", "0", "0", "0", "0", "0", "0", "0", "0", "0", "0", "0", "0", "0", "0", "0", "100", "0", "0", "0", "0", "100", "0", "0", "0", "0", "0", "0", "0", "0", "0", "0", "0", "0", "0", "0", "0", "0", "0", "0", "0", "0", "0", "0", "0", "0", "0", "0", "0", "0", "0", "0", "0", "0", "0", "0", "0", "0", "0", "0", "0", "0", "0"], "maxCol": "8", "blocksMode": "false", "color": "5", "croissant": "0", "minScore": "30000", "move": "15", "balloonsBonus": ["0", "0", "0", "0", "0", "0", "0", "0", "0", "0", "0", "0", "0", "0", "0", "0", "0", "0", "0", "0", "0", "0", "0", "0", "0", "0", "0", "0", "0", "0", "0", "0", "0", "0", "0", "0", "0", "0", "0", "0", "0", "0", "0", "0", "0", "0", "0", "0", "0", "0", "0", "0", "0", "0", "0", "0", "0", "0", "0", "0", "0", "0", "0", "0"], "maxRow": "8", "midScore": "65000", "escOrFallCount": "10", "block": ["0", "0", "0", "0", "0", "0", "0", "0", "0", "0", "0", "0", "0", "0", "0", "0", "0", "0", "0", "0", "0", "0", "0", "0", "0", "0", "0", "0", "0", "0", "0", "0", "0", "0", "0", "0", "0", "0", "0", "0", "0", "0", "0", "0", "0", "0", "0", "0", "0", "0", "0", "0", "0", "0", "0", "0", "0", "0", "0", "0", "0", "0", "0", "0"], "moveMode": "true", "time": "0", "wrap": "true", "world": ["0", "-12", "0", "0", "0", "0", "-12", "0", "-12", "-12", "-12", "0", "0", "-12", "-12", "-12", "-12", "-12", "-12", "0", "0", "-12", "-12", "-12", "-12", "-12", "-12", "0", "0", "-12", "-12", "-12", "-12", "-12", "-12", "-12", "-12", "-12", "-12", "-12", "-12", "-12", "-12", "-12", "-12", "-12", "-12", "-12", "-12", "-12", "-12", "-8", "-8", "-12", "-12", "-12", "-8", "-12", "-8", "-8", "-8", "-8", "-8", "-8"], "timeMode": "false", "maxScore": "75000", "fallMode": "false", "escapeMode": "true"}, "43": {"vir": ["0", "0", "0", "0", "0", "0", "0", "0", "0", "0", "0", "0", "0", "0", "0", "0", "0", "0", "0", "0", "0", "0", "0", "0", "0", "0", "0", "0", "0", "0", "0", "0", "0", "0", "0", "0", "0", "0", "0", "0", "0", "0", "0", "0", "0", "0", "0", "0", "0", "0", "0", "0", "0", "0", "0", "0"], "maxCol": "7", "blocksMode": "false", "color": "6", "croissant": "4", "minScore": "35000", "move": "30", "balloonsBonus": ["60", "0", "60", "0", "60", "0", "60", "0", "0", "0", "0", "0", "0", "0", "0", "0", "0", "0", "0", "0", "0", "0", "0", "0", "0", "0", "0", "0", "0", "0", "0", "0", "0", "0", "0", "0", "0", "0", "0", "0", "0", "0", "0", "0", "0", "0", "0", "0", "0", "0", "0", "0", "0", "0", "0", "0"], "maxRow": "8", "midScore": "60000", "escOrFallCount": "0", "block": ["0", "0", "0", "0", "0", "0", "0", "0", "0", "0", "0", "0", "0", "0", "0", "0", "0", "0", "0", "0", "0", "0", "0", "0", "0", "0", "0", "0", "0", "0", "0", "0", "0", "0", "0", "0", "0", "0", "0", "0", "0", "0", "0", "0", "0", "0", "0", "0", "0", "0", "0", "0", "0", "0", "0", "0"], "moveMode": "true", "time": "0", "wrap": "true", "world": ["-12", "0", "-12", "0", "-12", "0", "-12", "-12", "-12", "-12", "-12", "-12", "-12", "-12", "-12", "-12", "-12", "-12", "-12", "-12", "-12", "-12", "-12", "-12", "-12", "-12", "-12", "-12", "-12", "-12", "-12", "-12", "-12", "-12", "-12", "-12", "-12", "-12", "-12", "-12", "-12", "-12", "-12", "-12", "-12", "-12", "-12", "-12", "-12", "-12", "-12", "-12", "-12", "-12", "-12", "-12"], "timeMode": "false", "maxScore": "75000", "fallMode": "true", "escapeMode": "false"}, "44": {"vir": ["0", "0", "0", "0", "0", "0", "0", "0", "0", "0", "0", "0", "0", "0", "0", "0", "0", "0", "0", "0", "0", "0", "0", "0", "0", "0", "0", "0", "0", "0", "0", "0", "0", "0", "0", "0", "0", "0", "0", "0", "0", "0", "0", "0", "0", "0", "0", "0"], "maxCol": "6", "blocksMode": "true", "color": "6", "croissant": "0", "minScore": "45000", "move": "30", "balloonsBonus": ["0", "0", "0", "0", "0", "0", "0", "0", "0", "0", "0", "0", "0", "0", "0", "0", "0", "0", "0", "0", "0", "0", "0", "0", "0", "0", "0", "0", "0", "0", "0", "0", "0", "0", "0", "0", "0", "0", "0", "0", "0", "0", "0", "0", "0", "0", "0", "0"], "maxRow": "8", "midScore": "90000", "escOrFallCount": "0", "block": ["0", "0", "0", "0", "0", "0", "0", "2", "3", "3", "2", "0", "0", "2", "3", "3", "2", "0", "0", "3", "4", "4", "3", "0", "0", "3", "4", "4", "3", "0", "0", "2", "3", "3", "2", "0", "0", "2", "3", "3", "2", "0", "0", "0", "0", "0", "0", "0"], "moveMode": "true", "time": "0", "wrap": "false", "world": ["-8", "-8", "-8", "-8", "-8", "-8", "-8", "-8", "-8", "-8", "-8", "-8", "-8", "-8", "-8", "-8", "-8", "-8", "-8", "-8", "-8", "-8", "-8", "-8", "-8", "-8", "-8", "-8", "-8", "-8", "-8", "-8", "-8", "-8", "-8", "-8", "-8", "-8", "-8", "-8", "-8", "-8", "-8", "-8", "-8", "-8", "-8", "-8"], "timeMode": "false", "maxScore": "100000", "fallMode": "false", "escapeMode": "false"}, "45": {"vir": ["0", "0", "0", "0", "0", "0", "0", "0", "0", "0", "0", "0", "0", "0", "0", "0", "0", "0", "0", "0", "0", "0", "0", "0", "0", "0", "0", "0", "0", "0", "0", "0", "0", "0", "0", "0", "0", "0", "0", "0", "0", "0", "0", "0", "0", "0", "0", "0", "0", "0", "0", "0", "0", "0", "0", "0", "0", "0", "0", "0", "0", "0", "0", "0"], "maxCol": "8", "blocksMode": "true", "color": "7", "croissant": "0", "minScore": "20000", "move": "30", "balloonsBonus": ["0", "0", "0", "0", "0", "0", "0", "0", "0", "0", "0", "0", "0", "0", "0", "0", "0", "0", "0", "0", "0", "0", "0", "0", "0", "0", "0", "0", "0", "0", "0", "0", "0", "0", "0", "0", "0", "0", "0", "0", "0", "0", "0", "0", "0", "0", "0", "0", "0", "0", "0", "0", "0", "0", "0", "0", "0", "0", "0", "0", "0", "0", "0", "0"], "maxRow": "8", "midScore": "50000", "escOrFallCount": "0", "block": ["0", "0", "0", "0", "0", "0", "0", "0", "0", "2", "0", "0", "0", "0", "2", "0", "0", "0", "3", "4", "4", "3", "0", "0", "0", "0", "4", "0", "0", "4", "0", "0", "0", "0", "4", "0", "0", "4", "0", "0", "0", "0", "3", "4", "4", "3", "0", "0", "0", "2", "0", "0", "0", "0", "2", "0", "0", "0", "0", "0", "0", "0", "0", "0"], "moveMode": "true", "time": "0", "wrap": "false", "world": ["-8", "-8", "-8", "-8", "-8", "-8", "-8", "-8", "-8", "-8", "-8", "-8", "-8", "-8", "-8", "-8", "-8", "-8", "-8", "-12", "-12", "-8", "-8", "-8", "-12", "-12", "-12", "-8", "-8", "-8", "-8", "-8", "-12", "-12", "-12", "-8", "-8", "-8", "-8", "-8", "-8", "-8", "-8", "-8", "-8", "-8", "-8", "-8", "-8", "-8", "-8", "-8", "-8", "-8", "-8", "-8", "-8", "-8", "-8", "-8", "-8", "-8", "-8", "-8"], "timeMode": "false", "maxScore": "70000", "fallMode": "false", "escapeMode": "false"}, "46": {"vir": ["0", "0", "0", "0", "0", "0", "0", "0", "0", "0", "0", "0", "0", "0", "0", "0", "0", "0", "0", "0", "0", "0", "0", "0", "0", "0", "0", "0", "0", "0", "0", "0", "0", "0", "0", "0", "0", "0", "0", "0", "0", "0", "0", "0", "0", "0", "0", "0", "0", "0", "0", "0", "0", "0", "0", "0", "0", "0", "0", "0", "0", "0", "0", "0"], "maxCol": "8", "blocksMode": "false", "color": "7", "croissant": "0", "minScore": "9000", "move": "0", "balloonsBonus": ["0", "0", "0", "0", "0", "0", "0", "0", "0", "0", "0", "0", "0", "0", "0", "0", "0", "0", "0", "0", "0", "0", "0", "0", "0", "0", "0", "0", "0", "0", "0", "0", "0", "0", "0", "0", "0", "0", "0", "0", "0", "0", "0", "0", "0", "0", "0", "0", "0", "0", "0", "0", "0", "0", "0", "0", "0", "0", "0", "0", "0", "0", "0", "0"], "maxRow": "8", "midScore": "12000", "escOrFallCount": "0", "block": ["0", "0", "0", "0", "0", "0", "0", "0", "0", "0", "0", "0", "0", "0", "0", "0", "0", "0", "0", "0", "0", "0", "0", "0", "0", "0", "0", "0", "0", "0", "0", "0", "0", "0", "0", "0", "0", "0", "0", "0", "0", "0", "0", "0", "0", "0", "0", "0", "0", "0", "0", "0", "0", "0", "0", "0", "0", "0", "0", "0", "0", "0", "0", "0"], "moveMode": "false", "time": "60", "wrap": "true", "world": ["-12", "-12", "-12", "-12", "-12", "-12", "-12", "0", "-12", "-12", "-12", "-12", "-12", "-12", "0", "-12", "-12", "-12", "-12", "-12", "-12", "0", "-12", "-12", "-12", "-12", "-12", "-12", "0", "-12", "-12", "-12", "-12", "-12", "-12", "0", "-12", "-12", "-12", "-12", "-12", "-12", "0", "-12", "-12", "-12", "-12", "-12", "-12", "0", "-12", "-12", "-12", "-12", "-12", "-12", "0", "-12", "-12", "-12", "-12", "-12", "-12", "-12"], "timeMode": "true", "maxScore": "15000", "fallMode": "false", "escapeMode": "false"}, "47": {"vir": ["0", "0", "0", "0", "0", "0", "0", "0", "0", "0", "0", "0", "0", "0", "0", "0", "0", "0", "0", "0", "0", "0", "0", "0", "0", "0", "0", "0", "0", "0", "0", "0", "0", "0", "0", "0", "0", "0", "0", "0", "0", "0", "0", "0", "0", "0", "0", "0", "0", "0", "0", "0", "0", "0", "0", "0", "0", "0", "0", "0", "0", "0", "0", "0"], "maxCol": "8", "blocksMode": "false", "color": "7", "croissant": "2", "minScore": "20000", "move": "21", "balloonsBonus": ["0", "0", "0", "0", "0", "0", "0", "0", "0", "0", "0", "0", "0", "0", "0", "0", "0", "0", "0", "0", "0", "0", "0", "0", "0", "0", "0", "0", "0", "0", "0", "0", "0", "0", "0", "0", "0", "0", "0", "0", "0", "0", "0", "0", "0", "0", "0", "0", "0", "0", "0", "0", "0", "0", "0", "0", "0", "0", "0", "0", "0", "0", "0", "0"], "maxRow": "8", "midScore": "40000", "escOrFallCount": "0", "block": ["0", "0", "0", "0", "0", "0", "0", "0", "0", "0", "0", "0", "0", "0", "0", "0", "0", "0", "0", "0", "0", "0", "0", "0", "0", "0", "0", "0", "0", "0", "0", "0", "0", "0", "0", "0", "0", "0", "0", "0", "0", "0", "0", "0", "0", "0", "0", "0", "0", "0", "0", "0", "0", "0", "0", "0", "0", "0", "0", "0", "0", "0", "0", "0"], "moveMode": "true", "time": "0", "wrap": "true", "world": ["-12", "-12", "0", "-12", "-12", "0", "-12", "-12", "-12", "-12", "0", "-12", "-12", "0", "-12", "-12", "-12", "-12", "-12", "-12", "-12", "-12", "-12", "-12", "-12", "-12", "-12", "-12", "-12", "-12", "-12", "-12", "-12", "-12", "-12", "-12", "-12", "-12", "-12", "-12", "-12", "-12", "-12", "-12", "-12", "-12", "-12", "-12", "-12", "-12", "-12", "-12", "-12", "-12", "-12", "-12", "-12", "-12", "-12", "-12", "-12", "-12", "-12", "-12"], "timeMode": "false", "maxScore": "60000", "fallMode": "true", "escapeMode": "false"}, "48": {"vir": ["0", "0", "0", "0", "0", "0", "0", "0", "0", "0", "0", "0", "0", "0", "0", "0", "0", "0", "0", "0", "0", "0", "0", "0", "0", "0", "0", "0", "0", "0", "0", "0", "0", "0", "0", "0", "0", "0", "0", "0"], "maxCol": "8", "blocksMode": "true", "color": "5", "croissant": "0", "minScore": "20000", "move": "30", "balloonsBonus": ["0", "0", "0", "0", "0", "0", "0", "0", "0", "0", "0", "0", "0", "0", "0", "0", "0", "0", "0", "0", "0", "0", "0", "0", "0", "0", "0", "0", "0", "0", "0", "0", "0", "0", "0", "0", "0", "0", "0", "0"], "maxRow": "5", "midScore": "50000", "escOrFallCount": "0", "block": ["0", "0", "0", "0", "0", "0", "0", "0", "3", "3", "3", "4", "4", "3", "3", "3", "0", "0", "0", "4", "4", "0", "0", "0", "3", "3", "3", "4", "4", "3", "3", "3", "0", "0", "0", "0", "0", "0", "0", "0"], "moveMode": "true", "time": "0", "wrap": "true", "world": ["0", "-12", "-12", "-12", "-12", "-12", "-12", "0", "-12", "-12", "-12", "-12", "-12", "-12", "-12", "-12", "0", "-12", "-12", "-12", "-12", "-12", "-12", "0", "-12", "-12", "-12", "-12", "-12", "-12", "-12", "-12", "0", "-12", "-12", "-12", "-12", "-12", "-12", "0"], "timeMode": "false", "maxScore": "65000", "fallMode": "false", "escapeMode": "false"}, "49": {"vir": ["0", "0", "0", "0", "0", "0", "0", "0", "0", "0", "0", "0", "0", "0", "0", "0", "0", "0", "0", "0", "0", "0", "0", "0", "0", "0", "0", "0", "0", "0", "0", "0", "0", "0", "0", "0", "0", "0", "0", "0", "0", "0", "0", "0", "0", "0", "0", "0", "0", "0", "0", "0", "0", "0", "0", "0", "100", "0", "0", "0", "0", "0", "0", "100"], "maxCol": "8", "blocksMode": "false", "color": "4", "croissant": "0", "minScore": "60000", "move": "25", "balloonsBonus": ["0", "0", "0", "0", "0", "0", "0", "0", "0", "0", "0", "0", "0", "0", "0", "0", "0", "0", "0", "0", "0", "0", "0", "0", "0", "0", "0", "0", "0", "0", "0", "0", "0", "0", "0", "0", "0", "0", "0", "0", "0", "0", "0", "0", "0", "0", "0", "0", "0", "0", "0", "0", "0", "0", "0", "0", "0", "0", "0", "0", "0", "0", "0", "0"], "maxRow": "8", "midScore": "130000", "escOrFallCount": "10", "block": ["0", "0", "0", "0", "0", "0", "0", "0", "0", "0", "0", "0", "0", "0", "0", "0", "0", "0", "0", "0", "0", "0", "0", "0", "0", "0", "0", "0", "0", "0", "0", "0", "0", "0", "0", "0", "0", "0", "0", "0", "0", "0", "0", "0", "0", "0", "0", "0", "0", "0", "0", "0", "0", "0", "0", "0", "0", "0", "0", "0", "0", "0", "0", "0"], "moveMode": "true", "time": "0", "wrap": "true", "world": ["0", "0", "0", "-12", "-12", "0", "0", "0", "0", "0", "-12", "-12", "-12", "-12", "0", "0", "0", "-12", "-12", "-12", "-12", "-12", "-12", "0", "-12", "-12", "-12", "-12", "-12", "-12", "-12", "-12", "-12", "0", "-12", "-12", "-12", "-12", "0", "-12", "-12", "0", "-12", "-12", "-12", "-12", "0", "-12", "-12", "0", "-12", "-12", "-12", "-12", "0", "-12", "-12", "0", "-12", "-12", "-12", "-12", "0", "-12"], "timeMode": "false", "maxScore": "145000", "fallMode": "false", "escapeMode": "true"}, "50": {"vir": ["0", "0", "0", "0", "0", "0", "0", "0", "0", "0", "0", "0", "0", "0", "0", "0", "0", "0", "0", "0", "0", "0", "0", "0", "0", "0", "0", "0", "0", "0", "0", "0", "0", "0", "0", "0", "0", "0", "0", "0", "0", "0", "100", "0", "100", "0", "100", "0", "100", "0", "100", "0", "100", "0", "100", "0"], "maxCol": "7", "blocksMode": "false", "color": "7", "croissant": "0", "minScore": "50000", "move": "25", "balloonsBonus": ["0", "0", "0", "0", "0", "0", "0", "0", "0", "0", "0", "0", "0", "0", "0", "0", "0", "0", "0", "0", "0", "0", "0", "0", "0", "0", "0", "0", "0", "0", "0", "0", "0", "0", "0", "0", "0", "0", "0", "0", "0", "0", "0", "0", "0", "0", "0", "0", "0", "0", "0", "0", "0", "0", "0", "0"], "maxRow": "8", "midScore": "90000", "escOrFallCount": "15", "block": ["0", "0", "0", "0", "0", "0", "0", "0", "0", "0", "0", "0", "0", "0", "0", "0", "0", "0", "0", "0", "0", "0", "0", "0", "0", "0", "0", "0", "0", "0", "0", "0", "0", "0", "0", "0", "0", "0", "0", "0", "0", "0", "0", "0", "0", "0", "0", "0", "0", "0", "0", "0", "0", "0", "0", "0"], "moveMode": "true", "time": "0", "wrap": "true", "world": ["-8", "-8", "-8", "-8", "-8", "-8", "-8", "-8", "-8", "-8", "-8", "-8", "-8", "-8", "-8", "-8", "-8", "-8", "-8", "-8", "-8", "-8", "-8", "-8", "-8", "-8", "-8", "-8", "-8", "-8", "-8", "-8", "-8", "-8", "-8", "-8", "-8", "-8", "-8", "-8", "-8", "-8", "-12", "0", "-12", "0", "-12", "0", "-12", "0", "-12", "0", "-8", "0", "-12", "0"], "timeMode": "false", "maxScore": "100000", "fallMode": "false", "escapeMode": "true"}, "51": {"vir": ["0", "0", "0", "0", "0", "0", "0", "0", "0", "0", "0", "0", "0", "0", "0", "0", "0", "0", "0", "0", "0", "0", "0", "0", "0", "0", "0", "0", "0", "0", "0", "0", "0", "0", "0", "0"], "maxCol": "6", "blocksMode": "false", "color": "3", "croissant": "0", "minScore": "50000", "move": "15", "balloonsBonus": ["0", "0", "0", "0", "0", "0", "0", "0", "0", "0", "0", "0", "0", "0", "0", "0", "0", "0", "0", "0", "0", "0", "0", "0", "0", "0", "0", "0", "0", "0", "0", "0", "0", "0", "0", "0"], "maxRow": "6", "midScore": "80000", "escOrFallCount": "0", "block": ["0", "0", "0", "0", "0", "0", "0", "0", "0", "0", "0", "0", "0", "0", "0", "0", "0", "0", "0", "0", "0", "0", "0", "0", "0", "0", "0", "0", "0", "0", "0", "0", "0", "0", "0", "0"], "moveMode": "true", "time": "0", "wrap": "true", "world": ["0", "-12", "-12", "-12", "-12", "0", "-12", "-12", "-12", "-12", "-12", "-12", "-12", "0", "-12", "-12", "0", "-12", "-12", "0", "-12", "-12", "0", "-12", "-12", "-12", "-12", "-12", "-12", "-12", "0", "-12", "-12", "-12", "-12", "0"], "timeMode": "false", "maxScore": "100000", "fallMode": "false", "escapeMode": "false"}, "52": {"vir": ["0", "0", "0", "0", "0", "0", "0", "0", "0", "0", "0", "0", "0", "0", "0", "0", "0", "0", "0", "0", "0", "0", "0", "0", "0", "0", "0", "0", "0", "0", "0", "0", "0", "0", "0", "0", "0", "0", "0", "0", "0", "0", "0", "0", "0", "0", "0", "0", "0", "0", "0", "0", "0", "0", "0", "0", "0", "0", "0", "0", "0", "0", "0", "0"], "maxCol": "8", "blocksMode": "true", "color": "5", "croissant": "0", "minScore": "25000", "move": "20", "balloonsBonus": ["0", "0", "0", "0", "0", "0", "0", "0", "0", "0", "0", "0", "0", "0", "0", "0", "0", "0", "0", "0", "0", "0", "0", "0", "0", "0", "0", "0", "0", "0", "0", "0", "0", "0", "0", "0", "0", "0", "0", "0", "0", "0", "0", "0", "0", "0", "0", "0", "0", "0", "0", "0", "0", "0", "0", "0", "0", "0", "0", "0", "0", "0", "0", "0"], "maxRow": "8", "midScore": "55000", "escOrFallCount": "0", "block": ["0", "0", "0", "0", "0", "0", "0", "0", "0", "3", "0", "3", "3", "0", "3", "0", "0", "3", "0", "0", "0", "0", "3", "0", "0", "3", "0", "3", "3", "0", "3", "0", "0", "3", "0", "0", "0", "0", "3", "0", "0", "3", "0", "3", "3", "0", "3", "0", "0", "3", "0", "0", "0", "0", "3", "0", "0", "3", "0", "3", "3", "0", "3", "0"], "moveMode": "true", "time": "0", "wrap": "true", "world": ["-12", "0", "-12", "0", "0", "-12", "0", "-12", "-12", "-12", "-12", "-12", "-12", "-12", "-12", "-12", "-12", "-12", "-12", "-12", "-12", "-12", "-12", "-12", "0", "-12", "-12", "-12", "-12", "-12", "-12", "0", "-12", "-12", "-12", "-12", "-12", "-12", "-12", "-12", "-12", "-12", "-12", "-12", "-12", "-12", "-12", "-12", "-12", "-12", "-12", "-12", "-12", "-12", "-12", "-12", "0", "-12", "0", "-12", "-12", "0", "-12", "0"], "timeMode": "false", "maxScore": "70000", "fallMode": "false", "escapeMode": "false"}, "53": {"vir": ["0", "0", "0", "0", "0", "0", "0", "0", "0", "0", "0", "0", "0", "0", "0", "0", "0", "0", "0", "0", "0", "0", "0", "0", "0", "0", "0", "0", "0", "0", "0", "0", "0", "0", "0", "0", "0", "0", "0", "0"], "maxCol": "5", "blocksMode": "false", "color": "4", "croissant": "5", "minScore": "35000", "move": "15", "balloonsBonus": ["0", "0", "0", "0", "60", "0", "0", "0", "60", "0", "0", "0", "60", "0", "0", "0", "60", "0", "0", "0", "60", "0", "0", "0", "0", "0", "0", "0", "0", "0", "0", "0", "0", "0", "0", "0", "0", "0", "0", "0"], "maxRow": "8", "midScore": "75000", "escOrFallCount": "0", "block": ["0", "0", "0", "0", "0", "0", "0", "0", "0", "0", "0", "0", "0", "0", "0", "0", "0", "0", "0", "0", "0", "0", "0", "0", "0", "0", "0", "0", "0", "0", "0", "0", "0", "0", "0", "0", "0", "0", "0", "0"], "moveMode": "true", "time": "0", "wrap": "false", "world": ["0", "0", "0", "0", "-8", "0", "0", "0", "-8", "-8", "0", "0", "-12", "-8", "-8", "0", "-12", "-12", "-12", "-8", "-12", "-12", "-12", "-12", "-12", "-12", "-12", "-12", "-12", "-12", "-12", "-12", "-12", "-12", "-12", "-12", "-12", "-12", "-12", "-12"], "timeMode": "false", "maxScore": "100000", "fallMode": "true", "escapeMode": "false"}, "54": {"vir": ["0", "0", "0", "0", "0", "0", "0", "0", "0", "0", "0", "0", "0", "0", "0", "0", "0", "0", "0", "0", "0", "0", "0", "0", "0", "0", "0", "0", "0", "0", "0", "0", "0", "0", "0", "0", "0", "0", "0", "0", "0", "0", "0", "0", "0", "0", "0", "0", "0", "0", "0", "0", "0", "0", "0", "0", "0", "0", "0", "0", "0", "0", "0", "0"], "maxCol": "8", "blocksMode": "false", "color": "5", "croissant": "4", "minScore": "35000", "move": "20", "balloonsBonus": ["0", "0", "0", "0", "0", "0", "0", "0", "0", "0", "0", "0", "0", "0", "0", "0", "0", "0", "0", "0", "0", "0", "0", "0", "0", "0", "0", "0", "0", "0", "0", "0", "0", "0", "0", "0", "0", "0", "0", "0", "0", "0", "0", "0", "0", "0", "0", "0", "0", "0", "0", "0", "0", "0", "0", "0", "0", "0", "0", "0", "0", "0", "0", "0"], "maxRow": "8", "midScore": "50000", "escOrFallCount": "0", "block": ["0", "0", "0", "0", "0", "0", "0", "0", "0", "0", "0", "0", "0", "0", "0", "0", "0", "0", "0", "0", "0", "0", "0", "0", "0", "0", "0", "0", "0", "0", "0", "0", "0", "0", "0", "0", "0", "0", "0", "0", "0", "0", "0", "0", "0", "0", "0", "0", "0", "0", "0", "0", "0", "0", "0", "0", "0", "0", "0", "0", "0", "0", "0", "0"], "moveMode": "true", "time": "0", "wrap": "true", "world": ["0", "-12", "0", "-12", "0", "-12", "0", "-12", "-12", "0", "-12", "0", "-12", "0", "-12", "0", "-12", "-12", "0", "-12", "0", "-12", "0", "-12", "-12", "-12", "-12", "0", "-12", "0", "-12", "0", "-12", "-12", "-12", "-12", "0", "-12", "0", "-12", "-12", "-12", "-12", "-12", "-12", "0", "-12", "0", "-12", "-12", "-12", "-12", "-12", "-12", "0", "-12", "-12", "-12", "-12", "-12", "-12", "-12", "-12", "0"], "timeMode": "false", "maxScore": "65000", "fallMode": "true", "escapeMode": "false"}, "55": {"vir": ["0", "0", "0", "0", "0", "0", "0", "0", "0", "0", "0", "0", "0", "0", "0", "0", "0", "0", "0", "0", "0", "0", "0", "0", "0", "0", "0", "0", "0", "0", "0", "0", "0", "0", "0", "0", "0", "0", "0", "0", "0", "0", "0", "0", "0", "0", "0", "0", "0", "0", "0", "0", "0", "0", "0", "0", "0", "0", "0", "0", "0", "0", "0", "0"], "maxCol": "8", "blocksMode": "false", "color": "5", "croissant": "0", "minScore": "10000", "move": "0", "balloonsBonus": ["0", "0", "0", "0", "0", "0", "0", "0", "0", "0", "0", "0", "0", "0", "0", "0", "0", "0", "0", "0", "0", "0", "0", "0", "0", "0", "0", "0", "0", "0", "0", "0", "0", "0", "0", "0", "0", "0", "0", "0", "0", "0", "0", "0", "0", "0", "0", "0", "0", "0", "0", "0", "0", "0", "0", "0", "0", "0", "0", "0", "0", "0", "0", "0"], "maxRow": "8", "midScore": "15000", "escOrFallCount": "0", "block": ["0", "0", "0", "0", "0", "0", "0", "0", "0", "0", "0", "0", "0", "0", "0", "0", "0", "0", "0", "0", "0", "0", "0", "0", "0", "0", "0", "0", "0", "0", "0", "0", "0", "0", "0", "0", "0", "0", "0", "0", "0", "0", "0", "0", "0", "0", "0", "0", "0", "0", "0", "0", "0", "0", "0", "0", "0", "0", "0", "0", "0", "0", "0", "0"], "moveMode": "false", "time": "60", "wrap": "true", "world": ["0", "0", "-8", "-8", "-8", "-8", "0", "0", "0", "-8", "-8", "0", "0", "-8", "-8", "0", "-8", "-8", "-8", "-8", "-12", "-12", "-8", "-8", "-8", "0", "-8", "-8", "-12", "-12", "0", "-8", "-8", "0", "-12", "-12", "-8", "-8", "0", "-8", "-8", "-8", "-12", "-12", "-8", "-8", "-8", "-8", "0", "-8", "-8", "0", "0", "-8", "-8", "0", "0", "0", "-8", "-8", "-8", "-8", "0", "0"], "timeMode": "true", "maxScore": "20000", "fallMode": "false", "escapeMode": "false"}, "56": {"vir": ["0", "0", "0", "0", "0", "0", "0", "0", "0", "0", "0", "0", "0", "0", "0", "0", "0", "0", "0", "0", "0", "0", "0", "0", "0", "0", "0", "0", "0", "0", "0", "0", "0", "0", "0", "0", "0", "0", "0", "0", "0", "0", "0", "0", "0", "0", "0", "0"], "maxCol": "8", "blocksMode": "true", "color": "5", "croissant": "0", "minScore": "30000", "move": "30", "balloonsBonus": ["0", "0", "0", "0", "0", "0", "0", "0", "0", "0", "0", "0", "0", "0", "0", "0", "0", "0", "0", "0", "0", "0", "0", "0", "0", "0", "0", "0", "0", "0", "0", "0", "0", "0", "0", "0", "0", "0", "0", "0", "0", "0", "0", "0", "0", "0", "0", "0"], "maxRow": "6", "midScore": "80000", "escOrFallCount": "0", "block": ["0", "4", "0", "0", "0", "0", "4", "0", "0", "0", "4", "0", "0", "4", "0", "0", "3", "3", "3", "4", "4", "3", "3", "3", "3", "3", "3", "4", "4", "3", "3", "3", "0", "0", "4", "0", "0", "4", "0", "0", "0", "4", "0", "0", "0", "0", "4", "0"], "moveMode": "true", "time": "0", "wrap": "false", "world": ["-12", "-12", "-12", "-12", "-12", "-12", "-12", "-12", "-12", "-12", "-12", "-12", "-12", "-12", "-12", "-12", "-12", "-12", "-12", "-12", "-12", "-12", "-12", "-12", "-12", "-12", "-12", "-12", "-12", "-12", "-12", "-12", "-12", "-12", "-12", "-12", "-12", "-12", "-12", "-12", "-12", "-12", "-12", "-12", "-12", "-12", "-12", "-12"], "timeMode": "false", "maxScore": "100000", "fallMode": "false", "escapeMode": "false"}, "57": {"vir": ["0", "0", "0", "0", "0", "0", "0", "0", "0", "0", "0", "0", "0", "0", "0", "100", "0", "0", "0", "0", "0", "100", "0", "0", "0", "0", "0", "100", "0", "0", "0", "0", "0", "100", "0", "0", "0", "0", "0", "100"], "maxCol": "5", "blocksMode": "false", "color": "5", "croissant": "0", "minScore": "50000", "move": "20", "balloonsBonus": ["0", "0", "0", "0", "0", "0", "0", "0", "0", "0", "0", "0", "0", "0", "0", "0", "0", "0", "0", "0", "0", "0", "0", "0", "0", "0", "0", "0", "0", "0", "0", "0", "0", "0", "0", "0", "0", "0", "0", "0"], "maxRow": "8", "midScore": "70000", "escOrFallCount": "15", "block": ["0", "0", "0", "0", "0", "0", "0", "0", "0", "0", "0", "0", "0", "0", "0", "0", "0", "0", "0", "0", "0", "0", "0", "0", "0", "0", "0", "0", "0", "0", "0", "0", "0", "0", "0", "0", "0", "0", "0", "0"], "moveMode": "true", "time": "0", "wrap": "true", "world": ["-12", "-12", "-12", "-12", "-12", "-12", "-12", "-12", "-12", "-12", "-12", "-12", "-12", "-12", "-12", "-12", "-12", "-12", "-12", "-12", "0", "-12", "-12", "-12", "-12", "0", "0", "-12", "-12", "-12", "0", "0", "0", "-12", "-12", "0", "0", "0", "0", "-12"], "timeMode": "false", "maxScore": "85000", "fallMode": "false", "escapeMode": "true"}, "58": {"vir": ["0", "0", "0", "0", "0", "0", "0", "0", "0", "0", "0", "0", "0", "0", "0", "0", "0", "0", "0", "0", "0", "0", "0", "0", "0", "0", "0", "0", "0", "0", "0", "0", "0", "0", "0", "0", "0", "0", "0", "0", "0", "0", "0", "0", "0", "0", "0", "0", "0", "0", "0", "0", "0", "0", "0", "0", "0", "0", "0", "0", "0", "0", "0", "0"], "maxCol": "8", "blocksMode": "false", "color": "7", "croissant": "0", "minScore": "10000", "move": "20", "balloonsBonus": ["0", "0", "0", "0", "0", "0", "0", "0", "0", "0", "0", "0", "0", "0", "0", "0", "0", "0", "0", "0", "0", "0", "0", "0", "0", "0", "0", "0", "0", "0", "0", "0", "0", "0", "0", "0", "0", "0", "0", "0", "0", "0", "0", "0", "0", "0", "0", "0", "0", "0", "0", "0", "0", "0", "0", "0", "0", "0", "0", "0", "0", "0", "0", "0"], "maxRow": "8", "midScore": "14000", "escOrFallCount": "0", "block": ["0", "0", "0", "0", "0", "0", "0", "0", "0", "0", "0", "0", "0", "0", "0", "0", "0", "0", "0", "0", "0", "0", "0", "0", "0", "0", "0", "0", "0", "0", "0", "0", "0", "0", "0", "0", "0", "0", "0", "0", "0", "0", "0", "0", "0", "0", "0", "0", "0", "0", "0", "0", "0", "0", "0", "0", "0", "0", "0", "0", "0", "0", "0", "0"], "moveMode": "true", "time": "0", "wrap": "true", "world": ["-12", "-8", "-12", "-12", "-12", "-12", "-12", "-12", "-8", "-12", "0", "-8", "-8", "-12", "-12", "-12", "-12", "0", "-8", "-12", "-12", "-8", "-12", "-12", "-8", "-8", "-8", "-12", "0", "-8", "-8", "-8", "-8", "-8", "-8", "0", "-12", "-8", "-8", "-8", "-8", "-12", "-8", "-8", "-8", "-8", "0", "-8", "-8", "-8", "-12", "-8", "-8", "0", "-8", "-8", "-8", "-8", "-12", "-8", "-8", "-12", "-8", "-8"], "timeMode": "false", "maxScore": "18000", "fallMode": "false", "escapeMode": "false"}, "59": {"vir": ["0", "0", "0", "0", "0", "0", "0", "0", "0", "0", "0", "0", "0", "0", "0", "0", "0", "0", "0", "0", "0", "0", "0", "0", "0", "0", "0", "0", "0", "0", "0", "0", "0", "0", "0", "0", "0", "0", "0", "0", "0", "0", "0", "0", "0", "0", "0", "0", "0", "0", "0", "0", "0", "0", "0", "0"], "maxCol": "7", "blocksMode": "false", "color": "7", "croissant": "3", "minScore": "25000", "move": "25", "balloonsBonus": ["0", "60", "0", "60", "0", "60", "0", "0", "0", "0", "0", "0", "0", "0", "0", "0", "0", "0", "0", "0", "0", "0", "0", "0", "0", "0", "0", "0", "0", "0", "0", "0", "0", "0", "0", "0", "0", "0", "0", "0", "0", "0", "0", "0", "0", "0", "0", "0", "0", "0", "0", "0", "0", "0", "0", "0"], "maxRow": "8", "midScore": "80000", "escOrFallCount": "0", "block": ["0", "0", "0", "0", "0", "0", "0", "0", "0", "0", "0", "0", "0", "0", "0", "0", "0", "0", "0", "0", "0", "0", "0", "0", "0", "0", "0", "0", "0", "0", "0", "0", "0", "0", "0", "0", "0", "0", "0", "0", "0", "0", "0", "0", "0", "0", "0", "0", "0", "0", "0", "0", "0", "0", "0", "0"], "moveMode": "true", "time": "0", "wrap": "true", "world": ["0", "-12", "0", "-12", "0", "-12", "0", "-12", "-12", "-12", "-12", "-12", "-12", "-12", "-12", "-12", "-12", "-12", "-12", "-12", "-12", "-12", "-12", "-12", "-12", "-12", "-12", "-12", "-12", "-12", "-12", "-12", "-12", "-12", "-12", "-12", "-12", "-12", "-12", "-12", "-12", "-12", "-12", "-12", "-12", "-12", "-12", "-12", "-12", "0", "-12", "-12", "-12", "-12", "-12", "0"], "timeMode": "false", "maxScore": "100000", "fallMode": "true", "escapeMode": "false"}, "60": {"vir": ["0", "0", "0", "0", "0", "0", "0", "0", "0", "0", "0", "0", "0", "0", "0", "0", "0", "0", "0", "0", "0", "0", "0", "0", "0", "0", "0", "0", "0", "0", "0", "0", "0", "0", "0", "0", "0", "0", "0", "0", "0", "0", "0", "0", "0", "0", "0", "0", "0", "0", "0", "0", "0", "0", "0", "0", "0", "0", "0", "0", "0", "0", "0", "0"], "maxCol": "8", "blocksMode": "true", "color": "7", "croissant": "0", "minScore": "50000", "move": "40", "balloonsBonus": ["0", "0", "0", "0", "0", "0", "0", "0", "0", "0", "0", "0", "0", "0", "0", "0", "0", "0", "0", "0", "0", "0", "0", "0", "0", "0", "0", "0", "0", "0", "0", "0", "0", "0", "0", "0", "0", "0", "0", "0", "0", "0", "0", "0", "0", "0", "0", "0", "0", "0", "0", "0", "0", "0", "0", "0", "0", "0", "0", "0", "0", "0", "0", "0"], "maxRow": "8", "midScore": "80000", "escOrFallCount": "0", "block": ["0", "0", "0", "2", "2", "0", "0", "0", "0", "0", "2", "0", "0", "2", "0", "0", "0", "2", "0", "4", "4", "0", "2", "0", "2", "0", "4", "4", "4", "4", "0", "2", "2", "0", "4", "4", "4", "4", "0", "2", "2", "0", "0", "4", "4", "0", "0", "2", "2", "0", "2", "0", "0", "2", "0", "2", "2", "2", "0", "2", "2", "0", "2", "2"], "moveMode": "true", "time": "0", "wrap": "false", "world": ["0", "0", "0", "-12", "-12", "0", "0", "0", "0", "0", "-12", "-12", "-12", "-12", "0", "0", "0", "-12", "-12", "-12", "-12", "-12", "-12", "0", "-12", "-12", "-12", "-12", "-12", "-12", "-12", "-12", "-12", "-12", "-12", "-12", "-12", "-12", "-12", "-12", "-12", "-12", "-12", "-12", "-12", "-12", "-12", "-12", "-12", "-12", "-12", "-12", "-12", "-12", "-12", "-12", "-12", "-12", "0", "-12", "-12", "0", "-12", "-12"], "timeMode": "false", "maxScore": "100000", "fallMode": "false", "escapeMode": "false"}, 

"39": {"vir": ["0", "0", "0", "0", "0", "0", "0", "0", "0", "0", "0", "0", "0", "0", "0", "0", "0", "0", "0", "0", "0", "0", "0", "0", "0", "0", "0", "0", "0", "0", "0", "0", "0", "0", "0", "0", "0", "0", "0", "0", "0", "0", "0", "0", "0", "0", "0", "0", "0"], "maxCol": "7", "blocksMode": "false", "color": "4", "croissant": "0", "minScore": "25000", "move": "20", "balloonsBonus": ["0", "0", "0", "0", "0", "0", "0", "0", "0", "0", "0", "0", "0", "0", "0", "0", "0", "0", "0", "0", "0", "0", "0", "0", "0", "0", "0", "0", "0", "0", "0", "0", "0", "0", "0", "0", "0", "0", "0", "0", "0", "0", "0", "0", "0", "0", "0", "0", "0"], "maxRow": "7", "midScore": "40000", "escOrFallCount": "0", "block": ["0", "0", "0", "0", "0", "0", "0", "0", "0", "0", "0", "0", "0", "0", "0", "0", "0", "0", "0", "0", "0", "0", "0", "0", "0", "0", "0", "0", "0", "0", "0", "0", "0", "0", "0", "0", "0", "0", "0", "0", "0", "0", "0", "0", "0", "0", "0", "0", "0"], "moveMode": "true", "time": "0", "wrap": "true", "world": ["-8", "-8", "-8", "-8", "-8", "-8", "-8", "0", "-8", "-8", "-8", "-8", "-8", "0", "-12", "0", "-8", "-8", "-8", "0", "-12", "0", "-12", "0", "-8", "0", "-12", "0", "-12", "0", "-8", "-8", "-8", "0", "-12", "0", "-8", "-8", "-8", "-8", "-8", "0", "-8", "-8", "-8", "-8", "-8", "-8", "-8"], "timeMode": "false", "maxScore": "50000", "fallMode": "false", "escapeMode": "false"}
}